[2026-10-01 05:11:55] production.ERROR: Class "Ladumor\LaravelPwa\PWAServiceProvider" not found {"exception":"[object] (Error(code: 0): Class \"Ladumor\\LaravelPwa\\PWAServiceProvider\" not found at /var/www/house-brand/vendor/laravel/framework/src/Illuminate/Foundation/ProviderRepository.php:206)
[stacktrace]
#0 /var/www/house-brand/vendor/laravel/framework/src/Illuminate/Foundation/ProviderRepository.php(142): Illuminate\\Foundation\\ProviderRepository->createProvider()
#1 /var/www/house-brand/vendor/laravel/framework/src/Illuminate/Foundation/ProviderRepository.php(61): Illuminate\\Foundation\\ProviderRepository->compileManifest()
#2 /var/www/house-brand/vendor/laravel/framework/src/Illuminate/Foundation/Application.php(794): Illuminate\\Foundation\\ProviderRepository->load()
#3 /var/www/house-brand/vendor/laravel/framework/src/Illuminate/Foundation/Bootstrap/RegisterProviders.php(17): Illuminate\\Foundation\\Application->registerConfiguredProviders()
#4 /var/www/house-brand/vendor/laravel/framework/src/Illuminate/Foundation/Application.php(286): Illuminate\\Foundation\\Bootstrap\\RegisterProviders->bootstrap()
#5 /var/www/house-brand/vendor/laravel/framework/src/Illuminate/Foundation/Console/Kernel.php(447): Illuminate\\Foundation\\Application->bootstrapWith()
#6 /var/www/house-brand/vendor/laravel/framework/src/Illuminate/Foundation/Console/Kernel.php(199): Illuminate\\Foundation\\Console\\Kernel->bootstrap()
#7 /var/www/house-brand/artisan(35): Illuminate\\Foundation\\Console\\Kernel->handle()
#8 {main}
"} 
[2026-10-01 05:17:03] production.ERROR: Class "Redis" not found {"exception":"[object] (Error(code: 0): Class \"Redis\" not found at /var/www/house-brand/vendor/laravel/framework/src/Illuminate/Redis/Connectors/PhpRedisConnector.php:79)
[stacktrace]
#0 /var/www/house-brand/vendor/laravel/framework/src/Illuminate/Redis/Connectors/PhpRedisConnector.php(33): Illuminate\\Redis\\Connectors\\PhpRedisConnector->createClient()
#1 /var/www/house-brand/vendor/laravel/framework/src/Illuminate/Redis/Connectors/PhpRedisConnector.php(38): Illuminate\\Redis\\Connectors\\PhpRedisConnector->Illuminate\\Redis\\Connectors\\{closure}()
#2 /var/www/house-brand/vendor/laravel/framework/src/Illuminate/Redis/RedisManager.php(110): Illuminate\\Redis\\Connectors\\PhpRedisConnector->connect()
#3 /var/www/house-brand/vendor/laravel/framework/src/Illuminate/Redis/RedisManager.php(91): Illuminate\\Redis\\RedisManager->resolve()
#4 /var/www/house-brand/vendor/laravel/framework/src/Illuminate/Cache/RedisStore.php(330): Illuminate\\Redis\\RedisManager->connection()
#5 /var/www/house-brand/vendor/laravel/framework/src/Illuminate/Cache/RedisStore.php(248): Illuminate\\Cache\\RedisStore->connection()
#6 /var/www/house-brand/vendor/laravel/framework/src/Illuminate/Cache/Repository.php(692): Illuminate\\Cache\\RedisStore->flush()
#7 /var/www/house-brand/vendor/laravel/framework/src/Illuminate/Cache/Console/ClearCommand.php(69): Illuminate\\Cache\\Repository->__call()
#8 /var/www/house-brand/vendor/laravel/framework/src/Illuminate/Container/BoundMethod.php(36): Illuminate\\Cache\\Console\\ClearCommand->handle()
#9 /var/www/house-brand/vendor/laravel/framework/src/Illuminate/Container/Util.php(41): Illuminate\\Container\\BoundMethod::Illuminate\\Container\\{closure}()
#10 /var/www/house-brand/vendor/laravel/framework/src/Illuminate/Container/BoundMethod.php(93): Illuminate\\Container\\Util::unwrapIfClosure()
#11 /var/www/house-brand/vendor/laravel/framework/src/Illuminate/Container/BoundMethod.php(35): Illuminate\\Container\\BoundMethod::callBoundMethod()
#12 /var/www/house-brand/vendor/laravel/framework/src/Illuminate/Container/Container.php(662): Illuminate\\Container\\BoundMethod::call()
#13 /var/www/house-brand/vendor/laravel/framework/src/Illuminate/Console/Command.php(211): Illuminate\\Container\\Container->call()
#14 /var/www/house-brand/vendor/symfony/console/Command/Command.php(326): Illuminate\\Console\\Command->execute()
#15 /var/www/house-brand/vendor/laravel/framework/src/Illuminate/Console/Command.php(180): Symfony\\Component\\Console\\Command\\Command->run()
#16 /var/www/house-brand/vendor/laravel/framework/src/Illuminate/Console/Concerns/CallsCommands.php(67): Illuminate\\Console\\Command->run()
#17 /var/www/house-brand/vendor/laravel/framework/src/Illuminate/Console/Concerns/CallsCommands.php(40): Illuminate\\Console\\Command->runCommand()
#18 /var/www/house-brand/vendor/laravel/framework/src/Illuminate/Foundation/Console/OptimizeClearCommand.php(37): Illuminate\\Console\\Command->callSilent()
#19 /var/www/house-brand/vendor/laravel/framework/src/Illuminate/Console/View/Components/Task.php(37): Illuminate\\Foundation\\Console\\OptimizeClearCommand->Illuminate\\Foundation\\Console\\{closure}()
#20 /var/www/house-brand/vendor/laravel/framework/src/Illuminate/Console/View/Components/Factory.php(58): Illuminate\\Console\\View\\Components\\Task->render()
#21 /var/www/house-brand/vendor/laravel/framework/src/Illuminate/Foundation/Console/OptimizeClearCommand.php(41): Illuminate\\Console\\View\\Components\\Factory->__call()
#22 /var/www/house-brand/vendor/laravel/framework/src/Illuminate/Collections/Traits/EnumeratesValues.php(240): Illuminate\\Foundation\\Console\\OptimizeClearCommand->Illuminate\\Foundation\\Console\\{closure}()
#23 /var/www/house-brand/vendor/laravel/framework/src/Illuminate/Foundation/Console/OptimizeClearCommand.php(41): Illuminate\\Support\\Collection->each()
#24 /var/www/house-brand/vendor/laravel/framework/src/Illuminate/Container/BoundMethod.php(36): Illuminate\\Foundation\\Console\\OptimizeClearCommand->handle()
#25 /var/www/house-brand/vendor/laravel/framework/src/Illuminate/Container/Util.php(41): Illuminate\\Container\\BoundMethod::Illuminate\\Container\\{closure}()
#26 /var/www/house-brand/vendor/laravel/framework/src/Illuminate/Container/BoundMethod.php(93): Illuminate\\Container\\Util::unwrapIfClosure()
#27 /var/www/house-brand/vendor/laravel/framework/src/Illuminate/Container/BoundMethod.php(35): Illuminate\\Container\\BoundMethod::callBoundMethod()
#28 /var/www/house-brand/vendor/laravel/framework/src/Illuminate/Container/Container.php(662): Illuminate\\Container\\BoundMethod::call()
#29 /var/www/house-brand/vendor/laravel/framework/src/Illuminate/Console/Command.php(211): Illuminate\\Container\\Container->call()
#30 /var/www/house-brand/vendor/symfony/console/Command/Command.php(326): Illuminate\\Console\\Command->execute()
#31 /var/www/house-brand/vendor/laravel/framework/src/Illuminate/Console/Command.php(180): Symfony\\Component\\Console\\Command\\Command->run()
#32 /var/www/house-brand/vendor/symfony/console/Application.php(1106): Illuminate\\Console\\Command->run()
#33 /var/www/house-brand/vendor/symfony/console/Application.php(324): Symfony\\Component\\Console\\Application->doRunCommand()
#34 /var/www/house-brand/vendor/symfony/console/Application.php(175): Symfony\\Component\\Console\\Application->doRun()
#35 /var/www/house-brand/vendor/laravel/framework/src/Illuminate/Foundation/Console/Kernel.php(201): Symfony\\Component\\Console\\Application->run()
#36 /var/www/house-brand/artisan(35): Illuminate\\Foundation\\Console\\Kernel->handle()
#37 {main}
"} 
[2026-10-01 05:18:05] production.ERROR: Connection refused {"exception":"[object] (RedisException(code: 0): Connection refused at /var/www/house-brand/vendor/laravel/framework/src/Illuminate/Redis/Connectors/PhpRedisConnector.php:159)
[stacktrace]
#0 /var/www/house-brand/vendor/laravel/framework/src/Illuminate/Redis/Connectors/PhpRedisConnector.php(159): Redis->connect()
#1 /var/www/house-brand/vendor/laravel/framework/src/Illuminate/Redis/Connectors/PhpRedisConnector.php(88): Illuminate\\Redis\\Connectors\\PhpRedisConnector->establishConnection()
#2 /var/www/house-brand/vendor/laravel/framework/src/Illuminate/Support/helpers.php(320): Illuminate\\Redis\\Connectors\\PhpRedisConnector->Illuminate\\Redis\\Connectors\\{closure}()
#3 /var/www/house-brand/vendor/laravel/framework/src/Illuminate/Redis/Connectors/PhpRedisConnector.php(79): tap()
#4 /var/www/house-brand/vendor/laravel/framework/src/Illuminate/Redis/Connectors/PhpRedisConnector.php(33): Illuminate\\Redis\\Connectors\\PhpRedisConnector->createClient()
#5 /var/www/house-brand/vendor/laravel/framework/src/Illuminate/Redis/Connectors/PhpRedisConnector.php(38): Illuminate\\Redis\\Connectors\\PhpRedisConnector->Illuminate\\Redis\\Connectors\\{closure}()
#6 /var/www/house-brand/vendor/laravel/framework/src/Illuminate/Redis/RedisManager.php(110): Illuminate\\Redis\\Connectors\\PhpRedisConnector->connect()
#7 /var/www/house-brand/vendor/laravel/framework/src/Illuminate/Redis/RedisManager.php(91): Illuminate\\Redis\\RedisManager->resolve()
#8 /var/www/house-brand/vendor/laravel/framework/src/Illuminate/Cache/RedisStore.php(330): Illuminate\\Redis\\RedisManager->connection()
#9 /var/www/house-brand/vendor/laravel/framework/src/Illuminate/Cache/RedisStore.php(248): Illuminate\\Cache\\RedisStore->connection()
#10 /var/www/house-brand/vendor/laravel/framework/src/Illuminate/Cache/Repository.php(692): Illuminate\\Cache\\RedisStore->flush()
#11 /var/www/house-brand/vendor/laravel/framework/src/Illuminate/Cache/Console/ClearCommand.php(69): Illuminate\\Cache\\Repository->__call()
#12 /var/www/house-brand/vendor/laravel/framework/src/Illuminate/Container/BoundMethod.php(36): Illuminate\\Cache\\Console\\ClearCommand->handle()
#13 /var/www/house-brand/vendor/laravel/framework/src/Illuminate/Container/Util.php(41): Illuminate\\Container\\BoundMethod::Illuminate\\Container\\{closure}()
#14 /var/www/house-brand/vendor/laravel/framework/src/Illuminate/Container/BoundMethod.php(93): Illuminate\\Container\\Util::unwrapIfClosure()
#15 /var/www/house-brand/vendor/laravel/framework/src/Illuminate/Container/BoundMethod.php(35): Illuminate\\Container\\BoundMethod::callBoundMethod()
#16 /var/www/house-brand/vendor/laravel/framework/src/Illuminate/Container/Container.php(662): Illuminate\\Container\\BoundMethod::call()
#17 /var/www/house-brand/vendor/laravel/framework/src/Illuminate/Console/Command.php(211): Illuminate\\Container\\Container->call()
#18 /var/www/house-brand/vendor/symfony/console/Command/Command.php(326): Illuminate\\Console\\Command->execute()
#19 /var/www/house-brand/vendor/laravel/framework/src/Illuminate/Console/Command.php(180): Symfony\\Component\\Console\\Command\\Command->run()
#20 /var/www/house-brand/vendor/laravel/framework/src/Illuminate/Console/Concerns/CallsCommands.php(67): Illuminate\\Console\\Command->run()
#21 /var/www/house-brand/vendor/laravel/framework/src/Illuminate/Console/Concerns/CallsCommands.php(40): Illuminate\\Console\\Command->runCommand()
#22 /var/www/house-brand/vendor/laravel/framework/src/Illuminate/Foundation/Console/OptimizeClearCommand.php(37): Illuminate\\Console\\Command->callSilent()
#23 /var/www/house-brand/vendor/laravel/framework/src/Illuminate/Console/View/Components/Task.php(37): Illuminate\\Foundation\\Console\\OptimizeClearCommand->Illuminate\\Foundation\\Console\\{closure}()
#24 /var/www/house-brand/vendor/laravel/framework/src/Illuminate/Console/View/Components/Factory.php(58): Illuminate\\Console\\View\\Components\\Task->render()
#25 /var/www/house-brand/vendor/laravel/framework/src/Illuminate/Foundation/Console/OptimizeClearCommand.php(41): Illuminate\\Console\\View\\Components\\Factory->__call()
#26 /var/www/house-brand/vendor/laravel/framework/src/Illuminate/Collections/Traits/EnumeratesValues.php(240): Illuminate\\Foundation\\Console\\OptimizeClearCommand->Illuminate\\Foundation\\Console\\{closure}()
#27 /var/www/house-brand/vendor/laravel/framework/src/Illuminate/Foundation/Console/OptimizeClearCommand.php(41): Illuminate\\Support\\Collection->each()
#28 /var/www/house-brand/vendor/laravel/framework/src/Illuminate/Container/BoundMethod.php(36): Illuminate\\Foundation\\Console\\OptimizeClearCommand->handle()
#29 /var/www/house-brand/vendor/laravel/framework/src/Illuminate/Container/Util.php(41): Illuminate\\Container\\BoundMethod::Illuminate\\Container\\{closure}()
#30 /var/www/house-brand/vendor/laravel/framework/src/Illuminate/Container/BoundMethod.php(93): Illuminate\\Container\\Util::unwrapIfClosure()
#31 /var/www/house-brand/vendor/laravel/framework/src/Illuminate/Container/BoundMethod.php(35): Illuminate\\Container\\BoundMethod::callBoundMethod()
#32 /var/www/house-brand/vendor/laravel/framework/src/Illuminate/Container/Container.php(662): Illuminate\\Container\\BoundMethod::call()
#33 /var/www/house-brand/vendor/laravel/framework/src/Illuminate/Console/Command.php(211): Illuminate\\Container\\Container->call()
#34 /var/www/house-brand/vendor/symfony/console/Command/Command.php(326): Illuminate\\Console\\Command->execute()
#35 /var/www/house-brand/vendor/laravel/framework/src/Illuminate/Console/Command.php(180): Symfony\\Component\\Console\\Command\\Command->run()
#36 /var/www/house-brand/vendor/symfony/console/Application.php(1106): Illuminate\\Console\\Command->run()
#37 /var/www/house-brand/vendor/symfony/console/Application.php(324): Symfony\\Component\\Console\\Application->doRunCommand()
#38 /var/www/house-brand/vendor/symfony/console/Application.php(175): Symfony\\Component\\Console\\Application->doRun()
#39 /var/www/house-brand/vendor/laravel/framework/src/Illuminate/Foundation/Console/Kernel.php(201): Symfony\\Component\\Console\\Application->run()
#40 /var/www/house-brand/artisan(35): Illuminate\\Foundation\\Console\\Kernel->handle()
#41 {main}
"} 
[2026-10-01 05:19:39] production.ERROR: SQLSTATE[HY000] [2002] Connection refused (Connection: mysql, SQL: select table_name as `name`, (data_length + index_length) as `size`, table_comment as `comment`, engine as `engine`, table_collation as `collation` from information_schema.tables where table_schema = 'housebrandsdb' and table_type in ('BASE TABLE', 'SYSTEM VERSIONED') order by table_name) {"exception":"[object] (Illuminate\\Database\\QueryException(code: 2002): SQLSTATE[HY000] [2002] Connection refused (Connection: mysql, SQL: select table_name as `name`, (data_length + index_length) as `size`, table_comment as `comment`, engine as `engine`, table_collation as `collation` from information_schema.tables where table_schema = 'housebrandsdb' and table_type in ('BASE TABLE', 'SYSTEM VERSIONED') order by table_name) at /var/www/house-brand/vendor/laravel/framework/src/Illuminate/Database/Connection.php:829)
[stacktrace]
#0 /var/www/house-brand/vendor/laravel/framework/src/Illuminate/Database/Connection.php(983): Illuminate\\Database\\Connection->runQueryCallback()
#1 /var/www/house-brand/vendor/laravel/framework/src/Illuminate/Database/Connection.php(962): Illuminate\\Database\\Connection->tryAgainIfCausedByLostConnection()
#2 /var/www/house-brand/vendor/laravel/framework/src/Illuminate/Database/Connection.php(785): Illuminate\\Database\\Connection->handleQueryException()
#3 /var/www/house-brand/vendor/laravel/framework/src/Illuminate/Database/Connection.php(414): Illuminate\\Database\\Connection->run()
#4 /var/www/house-brand/vendor/laravel/framework/src/Illuminate/Database/Connection.php(401): Illuminate\\Database\\Connection->select()
#5 /var/www/house-brand/vendor/laravel/framework/src/Illuminate/Database/Schema/MySqlBuilder.php(41): Illuminate\\Database\\Connection->selectFromWriteConnection()
#6 /var/www/house-brand/vendor/laravel/framework/src/Illuminate/Database/Schema/Builder.php(165): Illuminate\\Database\\Schema\\MySqlBuilder->getTables()
#7 /var/www/house-brand/vendor/laravel/framework/src/Illuminate/Database/Migrations/DatabaseMigrationRepository.php(184): Illuminate\\Database\\Schema\\Builder->hasTable()
#8 /var/www/house-brand/vendor/laravel/framework/src/Illuminate/Database/Migrations/Migrator.php(727): Illuminate\\Database\\Migrations\\DatabaseMigrationRepository->repositoryExists()
#9 /var/www/house-brand/vendor/laravel/framework/src/Illuminate/Database/Console/Migrations/StatusCommand.php(53): Illuminate\\Database\\Migrations\\Migrator->repositoryExists()
#10 /var/www/house-brand/vendor/laravel/framework/src/Illuminate/Database/Migrations/Migrator.php(641): Illuminate\\Database\\Console\\Migrations\\StatusCommand->Illuminate\\Database\\Console\\Migrations\\{closure}()
#11 /var/www/house-brand/vendor/laravel/framework/src/Illuminate/Database/Console/Migrations/StatusCommand.php(52): Illuminate\\Database\\Migrations\\Migrator->usingConnection()
#12 /var/www/house-brand/vendor/laravel/framework/src/Illuminate/Container/BoundMethod.php(36): Illuminate\\Database\\Console\\Migrations\\StatusCommand->handle()
#13 /var/www/house-brand/vendor/laravel/framework/src/Illuminate/Container/Util.php(41): Illuminate\\Container\\BoundMethod::Illuminate\\Container\\{closure}()
#14 /var/www/house-brand/vendor/laravel/framework/src/Illuminate/Container/BoundMethod.php(93): Illuminate\\Container\\Util::unwrapIfClosure()
#15 /var/www/house-brand/vendor/laravel/framework/src/Illuminate/Container/BoundMethod.php(35): Illuminate\\Container\\BoundMethod::callBoundMethod()
#16 /var/www/house-brand/vendor/laravel/framework/src/Illuminate/Container/Container.php(662): Illuminate\\Container\\BoundMethod::call()
#17 /var/www/house-brand/vendor/laravel/framework/src/Illuminate/Console/Command.php(211): Illuminate\\Container\\Container->call()
#18 /var/www/house-brand/vendor/symfony/console/Command/Command.php(326): Illuminate\\Console\\Command->execute()
#19 /var/www/house-brand/vendor/laravel/framework/src/Illuminate/Console/Command.php(180): Symfony\\Component\\Console\\Command\\Command->run()
#20 /var/www/house-brand/vendor/symfony/console/Application.php(1106): Illuminate\\Console\\Command->run()
#21 /var/www/house-brand/vendor/symfony/console/Application.php(324): Symfony\\Component\\Console\\Application->doRunCommand()
#22 /var/www/house-brand/vendor/symfony/console/Application.php(175): Symfony\\Component\\Console\\Application->doRun()
#23 /var/www/house-brand/vendor/laravel/framework/src/Illuminate/Foundation/Console/Kernel.php(201): Symfony\\Component\\Console\\Application->run()
#24 /var/www/house-brand/artisan(35): Illuminate\\Foundation\\Console\\Kernel->handle()
#25 {main}

[previous exception] [object] (PDOException(code: 2002): SQLSTATE[HY000] [2002] Connection refused at /var/www/house-brand/vendor/laravel/framework/src/Illuminate/Database/Connectors/Connector.php:65)
[stacktrace]
#0 /var/www/house-brand/vendor/laravel/framework/src/Illuminate/Database/Connectors/Connector.php(65): PDO->__construct()
#1 /var/www/house-brand/vendor/laravel/framework/src/Illuminate/Database/Connectors/Connector.php(83): Illuminate\\Database\\Connectors\\Connector->createPdoConnection()
#2 /var/www/house-brand/vendor/laravel/framework/src/Illuminate/Database/Connectors/Connector.php(48): Illuminate\\Database\\Connectors\\Connector->tryAgainIfCausedByLostConnection()
#3 /var/www/house-brand/vendor/laravel/framework/src/Illuminate/Database/Connectors/MySqlConnector.php(24): Illuminate\\Database\\Connectors\\Connector->createConnection()
#4 /var/www/house-brand/vendor/laravel/framework/src/Illuminate/Database/Connectors/ConnectionFactory.php(184): Illuminate\\Database\\Connectors\\MySqlConnector->connect()
#5 [internal function]: Illuminate\\Database\\Connectors\\ConnectionFactory->Illuminate\\Database\\Connectors\\{closure}()
#6 /var/www/house-brand/vendor/laravel/framework/src/Illuminate/Database/Connection.php(1339): call_user_func()
#7 /var/www/house-brand/vendor/laravel/framework/src/Illuminate/Database/Connection.php(528): Illuminate\\Database\\Connection->getPdo()
#8 /var/www/house-brand/vendor/laravel/framework/src/Illuminate/Database/Connection.php(423): Illuminate\\Database\\Connection->getPdoForSelect()
#9 /var/www/house-brand/vendor/laravel/framework/src/Illuminate/Database/Connection.php(816): Illuminate\\Database\\Connection->Illuminate\\Database\\{closure}()
#10 /var/www/house-brand/vendor/laravel/framework/src/Illuminate/Database/Connection.php(983): Illuminate\\Database\\Connection->runQueryCallback()
#11 /var/www/house-brand/vendor/laravel/framework/src/Illuminate/Database/Connection.php(962): Illuminate\\Database\\Connection->tryAgainIfCausedByLostConnection()
#12 /var/www/house-brand/vendor/laravel/framework/src/Illuminate/Database/Connection.php(785): Illuminate\\Database\\Connection->handleQueryException()
#13 /var/www/house-brand/vendor/laravel/framework/src/Illuminate/Database/Connection.php(414): Illuminate\\Database\\Connection->run()
#14 /var/www/house-brand/vendor/laravel/framework/src/Illuminate/Database/Connection.php(401): Illuminate\\Database\\Connection->select()
#15 /var/www/house-brand/vendor/laravel/framework/src/Illuminate/Database/Schema/MySqlBuilder.php(41): Illuminate\\Database\\Connection->selectFromWriteConnection()
#16 /var/www/house-brand/vendor/laravel/framework/src/Illuminate/Database/Schema/Builder.php(165): Illuminate\\Database\\Schema\\MySqlBuilder->getTables()
#17 /var/www/house-brand/vendor/laravel/framework/src/Illuminate/Database/Migrations/DatabaseMigrationRepository.php(184): Illuminate\\Database\\Schema\\Builder->hasTable()
#18 /var/www/house-brand/vendor/laravel/framework/src/Illuminate/Database/Migrations/Migrator.php(727): Illuminate\\Database\\Migrations\\DatabaseMigrationRepository->repositoryExists()
#19 /var/www/house-brand/vendor/laravel/framework/src/Illuminate/Database/Console/Migrations/StatusCommand.php(53): Illuminate\\Database\\Migrations\\Migrator->repositoryExists()
#20 /var/www/house-brand/vendor/laravel/framework/src/Illuminate/Database/Migrations/Migrator.php(641): Illuminate\\Database\\Console\\Migrations\\StatusCommand->Illuminate\\Database\\Console\\Migrations\\{closure}()
#21 /var/www/house-brand/vendor/laravel/framework/src/Illuminate/Database/Console/Migrations/StatusCommand.php(52): Illuminate\\Database\\Migrations\\Migrator->usingConnection()
#22 /var/www/house-brand/vendor/laravel/framework/src/Illuminate/Container/BoundMethod.php(36): Illuminate\\Database\\Console\\Migrations\\StatusCommand->handle()
#23 /var/www/house-brand/vendor/laravel/framework/src/Illuminate/Container/Util.php(41): Illuminate\\Container\\BoundMethod::Illuminate\\Container\\{closure}()
#24 /var/www/house-brand/vendor/laravel/framework/src/Illuminate/Container/BoundMethod.php(93): Illuminate\\Container\\Util::unwrapIfClosure()
#25 /var/www/house-brand/vendor/laravel/framework/src/Illuminate/Container/BoundMethod.php(35): Illuminate\\Container\\BoundMethod::callBoundMethod()
#26 /var/www/house-brand/vendor/laravel/framework/src/Illuminate/Container/Container.php(662): Illuminate\\Container\\BoundMethod::call()
#27 /var/www/house-brand/vendor/laravel/framework/src/Illuminate/Console/Command.php(211): Illuminate\\Container\\Container->call()
#28 /var/www/house-brand/vendor/symfony/console/Command/Command.php(326): Illuminate\\Console\\Command->execute()
#29 /var/www/house-brand/vendor/laravel/framework/src/Illuminate/Console/Command.php(180): Symfony\\Component\\Console\\Command\\Command->run()
#30 /var/www/house-brand/vendor/symfony/console/Application.php(1106): Illuminate\\Console\\Command->run()
#31 /var/www/house-brand/vendor/symfony/console/Application.php(324): Symfony\\Component\\Console\\Application->doRunCommand()
#32 /var/www/house-brand/vendor/symfony/console/Application.php(175): Symfony\\Component\\Console\\Application->doRun()
#33 /var/www/house-brand/vendor/laravel/framework/src/Illuminate/Foundation/Console/Kernel.php(201): Symfony\\Component\\Console\\Application->run()
#34 /var/www/house-brand/artisan(35): Illuminate\\Foundation\\Console\\Kernel->handle()
#35 {main}
"} 
[2026-10-01 05:31:14] production.ERROR: Error in getFilePath: Unable to check existence for: uploads/designer/1/icon/6978b7329a0c4.webp  
[2026-10-01 05:31:14] production.ERROR: Error in getFilePath: Unable to check existence for: uploads/background-settings/677d073563029.webp  
[2026-10-01 05:31:14] production.ERROR: Error in getFilePath: Unable to check existence for: uploads/designer/1/icon/6978b72e00a44.webp  
[2026-10-01 05:31:17] production.ERROR: Error in getFilePath: Unable to check existence for: uploads/designer/1/icon/6978b7329a0c4.webp  
[2026-10-01 05:31:17] production.ERROR: Error in getFilePath: Unable to check existence for: uploads/background-settings/677d073563029.webp  
[2026-10-01 05:31:17] production.ERROR: Error in getFilePath: Unable to check existence for: uploads/designer/1/icon/6978b72e00a44.webp  
[2026-10-01 05:31:18] production.ERROR: Error in getFilePath: Unable to check existence for: uploads/designer/1/icon/6978b7329a0c4.webp  
[2026-10-01 05:31:18] production.ERROR: Error in getFilePath: Unable to check existence for: uploads/background-settings/677d073563029.webp  
[2026-10-01 05:31:18] production.ERROR: Error in getFilePath: Unable to check existence for: uploads/designer/1/icon/6978b72e00a44.webp  
[2026-10-01 05:31:19] production.ERROR: Error in getFilePath: Unable to check existence for: uploads/designer/1/icon/6978b7329a0c4.webp  
[2026-10-01 05:31:19] production.ERROR: Error in getFilePath: Unable to check existence for: uploads/background-settings/677d073563029.webp  
[2026-10-01 05:31:19] production.ERROR: Error in getFilePath: Unable to check existence for: uploads/designer/1/icon/6978b72e00a44.webp  
[2026-10-01 05:31:19] production.ERROR: Error in getFilePath: Unable to check existence for: uploads/designer/1/icon/6978b7329a0c4.webp  
[2026-10-01 05:31:20] production.ERROR: Error in getFilePath: Unable to check existence for: uploads/designer/1/icon/695cee595a4dc.gif  
[2026-10-01 05:31:20] production.ERROR: Error in getFilePath: Unable to check existence for: uploads/designer/1/icon/6978b7329a0c4.webp  
[2026-10-01 05:31:20] production.ERROR: Error in getFilePath: Unable to check existence for: uploads/designer/1/icon/695cee595a4dc.gif  
[2026-10-01 05:31:20] production.ERROR: Error in getFilePath: Unable to check existence for: uploads/designer/1/icon/6978b7329a0c4.webp  
[2026-10-01 05:31:20] production.ERROR: Error in getFilePath: Unable to check existence for: uploads/background-settings/677d073563029.webp  
[2026-10-01 05:31:20] production.ERROR: Error in getFilePath: Unable to check existence for: uploads/designer/1/icon/6978b72e00a44.webp  
[2026-10-01 05:31:21] production.ERROR: Error in getFilePath: Unable to check existence for: uploads/designer/1/icon/6978b7329a0c4.webp  
[2026-10-01 05:31:21] production.ERROR: Error in getFilePath: Unable to check existence for: uploads/background-settings/677d073563029.webp  
[2026-10-01 05:31:21] production.ERROR: Error in getFilePath: Unable to check existence for: uploads/designer/1/icon/6978b72e00a44.webp  
[2026-10-01 05:31:23] production.ERROR: Error in getFilePath: Unable to check existence for: uploads/designer/1/icon/6978b7329a0c4.webp  
[2026-10-01 05:31:23] production.ERROR: Error in getFilePath: Unable to check existence for: uploads/designer/1/icon/6978b7329a0c4.webp  
[2026-10-01 05:31:23] production.ERROR: Error in getFilePath: Unable to check existence for: uploads/designer/1/icon/695cee595a4dc.gif  
[2026-10-01 05:31:23] production.ERROR: Error in getFilePath: Unable to check existence for: uploads/designer/1/icon/695cee595a4dc.gif  
[2026-10-01 05:31:24] production.ERROR: Error in getFilePath: Unable to check existence for: uploads/designer/1/icon/6978b7329a0c4.webp  
[2026-10-01 05:31:24] production.ERROR: Error in getFilePath: Unable to check existence for: uploads/designer/1/icon/695cee595a4dc.gif  
[2026-10-01 05:31:24] production.ERROR: Error in getFilePath: Unable to check existence for: uploads/designer/1/icon/6978b7329a0c4.webp  
[2026-10-01 05:31:24] production.ERROR: Error in getFilePath: Unable to check existence for: uploads/designer/1/icon/695cee595a4dc.gif  
[2026-10-01 05:31:24] production.ERROR: Error in getFilePath: Unable to check existence for: uploads/designer/1/icon/6978b7329a0c4.webp  
[2026-10-01 05:31:25] production.ERROR: Error in getFilePath: Unable to check existence for: uploads/designer/1/icon/695cee595a4dc.gif  
[2026-10-01 05:31:25] production.ERROR: Error in getFilePath: Unable to check existence for: uploads/designer/1/icon/6978b7329a0c4.webp  
[2026-10-01 05:31:25] production.ERROR: Error in getFilePath: Unable to check existence for: uploads/designer/1/icon/695cee595a4dc.gif  
[2026-10-01 05:31:25] production.ERROR: Error in getFilePath: Unable to check existence for: uploads/designer/1/icon/6978b7329a0c4.webp  
[2026-10-01 05:31:25] production.ERROR: Error in getFilePath: Unable to check existence for: uploads/designer/1/icon/695cee595a4dc.gif  
[2026-10-01 05:31:25] production.ERROR: Error in getFilePath: Unable to check existence for: uploads/designer/1/icon/6978b7329a0c4.webp  
[2026-10-01 05:31:25] production.ERROR: Error in getFilePath: Unable to check existence for: uploads/designer/1/icon/695cee595a4dc.gif  
[2026-10-01 05:31:26] production.ERROR: Error in getFilePath: Unable to check existence for: uploads/designer/1/icon/6978b7329a0c4.webp  
[2026-10-01 05:31:27] production.ERROR: Error in getFilePath: Unable to check existence for: uploads/designer/1/icon/695cee595a4dc.gif  
[2026-10-01 05:31:27] production.ERROR: Error in getFilePath: Unable to check existence for: uploads/designer/1/icon/6978b7329a0c4.webp  
[2026-10-01 05:31:27] production.ERROR: Error in getFilePath: Unable to check existence for: uploads/designer/1/icon/695cee595a4dc.gif  
[2026-10-01 05:31:27] production.ERROR: Error in getFilePath: Unable to check existence for: uploads/designer/1/icon/6978b7329a0c4.webp  
[2026-10-01 05:31:28] production.ERROR: Error in getFilePath: Unable to check existence for: uploads/designer/1/icon/695cee595a4dc.gif  
[2026-10-01 05:31:28] production.ERROR: Error in getFilePath: Unable to check existence for: uploads/designer/1/icon/6978b7329a0c4.webp  
[2026-10-01 05:31:28] production.ERROR: Error in getFilePath: Unable to check existence for: uploads/designer/1/icon/695cee595a4dc.gif  
[2026-10-01 05:31:29] production.ERROR: Error in getFilePath: Unable to check existence for: uploads/designer/1/icon/6978b7329a0c4.webp  
[2026-10-01 05:31:30] production.ERROR: Error in getFilePath: Unable to check existence for: uploads/designer/1/icon/695cee595a4dc.gif  
[2026-10-01 05:31:30] production.ERROR: Error in getFilePath: Unable to check existence for: uploads/designer/1/icon/6978b7329a0c4.webp  
[2026-10-01 05:31:30] production.ERROR: Error in getFilePath: Unable to check existence for: uploads/designer/1/icon/695cee595a4dc.gif  
[2026-10-01 05:31:31] production.ERROR: Error in getFilePath: Unable to check existence for: uploads/designer/1/icon/6978b7329a0c4.webp  
[2026-10-01 05:31:32] production.ERROR: Error in getFilePath: Unable to check existence for: uploads/designer/1/icon/695cee595a4dc.gif  
[2026-10-01 05:31:32] production.ERROR: Error in getFilePath: Unable to check existence for: uploads/designer/1/icon/6978b7329a0c4.webp  
[2026-10-01 05:31:32] production.ERROR: Error in getFilePath: Unable to check existence for: uploads/designer/1/icon/695cee595a4dc.gif  
[2026-10-01 05:31:33] production.ERROR: Error in getFilePath: Unable to check existence for: uploads/designer/1/icon/6978b7329a0c4.webp  
[2026-10-01 05:31:34] production.ERROR: Error in getFilePath: Unable to check existence for: uploads/designer/1/icon/695cee595a4dc.gif  
[2026-10-01 05:31:34] production.ERROR: Error in getFilePath: Unable to check existence for: uploads/designer/1/icon/6978b7329a0c4.webp  
[2026-10-01 05:31:34] production.ERROR: Error in getFilePath: Unable to check existence for: uploads/designer/1/icon/6978b7329a0c4.webp  
[2026-10-01 05:31:34] production.ERROR: Error in getFilePath: Unable to check existence for: uploads/designer/1/icon/695cee595a4dc.gif  
[2026-10-01 05:31:34] production.ERROR: Error in getFilePath: Unable to check existence for: uploads/background-settings/677d073563029.webp  
[2026-10-01 05:31:34] production.ERROR: Error in getFilePath: Unable to check existence for: uploads/designer/1/icon/6978b72e00a44.webp  
[2026-10-01 05:31:34] production.ERROR: Error in getFilePath: Unable to check existence for: uploads/designer/1/icon/6978b7329a0c4.webp  
[2026-10-01 05:31:35] production.ERROR: Error in getFilePath: Unable to check existence for: uploads/designer/1/icon/695cee595a4dc.gif  
[2026-10-01 05:31:35] production.ERROR: Error in getFilePath: Unable to check existence for: uploads/designer/1/icon/6978b7329a0c4.webp  
[2026-10-01 05:31:35] production.ERROR: Error in getFilePath: Unable to check existence for: uploads/background-settings/677d073563029.webp  
[2026-10-01 05:31:35] production.ERROR: Error in getFilePath: Unable to check existence for: uploads/designer/1/icon/6978b7329a0c4.webp  
[2026-10-01 05:31:35] production.ERROR: Error in getFilePath: Unable to check existence for: uploads/designer/1/icon/6978b72e00a44.webp  
[2026-10-01 05:31:35] production.ERROR: Error in getFilePath: Unable to check existence for: uploads/designer/1/icon/695cee595a4dc.gif  
[2026-10-01 05:31:36] production.ERROR: Error in getFilePath: Unable to check existence for: uploads/designer/1/icon/6978b7329a0c4.webp  
[2026-10-01 05:31:36] production.ERROR: Error in getFilePath: Unable to check existence for: uploads/designer/1/icon/6978b7329a0c4.webp  
[2026-10-01 05:31:36] production.ERROR: Error in getFilePath: Unable to check existence for: uploads/designer/1/icon/6978b7329a0c4.webp  
[2026-10-01 05:31:37] production.ERROR: Error in getFilePath: Unable to check existence for: uploads/designer/1/icon/695cee595a4dc.gif  
[2026-10-01 05:31:37] production.ERROR: Error in getFilePath: Unable to check existence for: uploads/designer/1/icon/695cee595a4dc.gif  
[2026-10-01 05:31:37] production.ERROR: Error in getFilePath: Unable to check existence for: uploads/designer/1/icon/695cee595a4dc.gif  
[2026-10-01 05:31:37] production.ERROR: Error in getFilePath: Unable to check existence for: uploads/designer/1/icon/6978b7329a0c4.webp  
[2026-10-01 05:31:37] production.ERROR: Error in getFilePath: Unable to check existence for: uploads/designer/1/icon/6978b7329a0c4.webp  
[2026-10-01 05:31:37] production.ERROR: Error in getFilePath: Unable to check existence for: uploads/designer/1/icon/695cee595a4dc.gif  
[2026-10-01 05:31:37] production.ERROR: Error in getFilePath: Unable to check existence for: uploads/designer/1/icon/695cee595a4dc.gif  
[2026-10-01 05:31:37] production.ERROR: Error in getFilePath: Unable to check existence for: uploads/designer/1/icon/6978b7329a0c4.webp  
[2026-10-01 05:31:37] production.ERROR: Error in getFilePath: Unable to check existence for: uploads/designer/1/icon/695cee595a4dc.gif  
[2026-10-01 05:31:37] production.ERROR: Error in getFilePath: Unable to check existence for: uploads/designer/1/icon/6978b7329a0c4.webp  
[2026-10-01 05:31:37] production.ERROR: Error in getFilePath: Unable to check existence for: uploads/designer/1/icon/695cee595a4dc.gif  
[2026-10-01 05:31:38] production.ERROR: Error in getFilePath: Unable to check existence for: uploads/designer/1/icon/6978b7329a0c4.webp  
[2026-10-01 05:31:38] production.ERROR: Error in getFilePath: Unable to check existence for: uploads/designer/1/icon/695cee595a4dc.gif  
[2026-10-01 05:31:38] production.ERROR: Error in getFilePath: Unable to check existence for: uploads/designer/1/icon/6978b7329a0c4.webp  
[2026-10-01 05:31:38] production.ERROR: Error in getFilePath: Unable to check existence for: uploads/designer/1/icon/6978b7329a0c4.webp  
[2026-10-01 05:31:38] production.ERROR: Error in getFilePath: Unable to check existence for: uploads/designer/1/icon/695cee595a4dc.gif  
[2026-10-01 05:31:38] production.ERROR: Error in getFilePath: Unable to check existence for: uploads/designer/1/icon/695cee595a4dc.gif  
[2026-10-01 05:31:38] production.ERROR: Error in getFilePath: Unable to check existence for: uploads/designer/1/icon/6978b7329a0c4.webp  
[2026-10-01 05:31:38] production.ERROR: Error in getFilePath: Unable to check existence for: uploads/designer/1/icon/695cee595a4dc.gif  
[2026-10-01 05:31:39] production.ERROR: Error in getFilePath: Unable to check existence for: uploads/designer/1/icon/6978b7329a0c4.webp  
[2026-10-01 05:31:39] production.ERROR: Error in getFilePath: Unable to check existence for: uploads/designer/1/icon/695cee595a4dc.gif  
[2026-10-01 05:31:39] production.ERROR: Error in getFilePath: Unable to check existence for: uploads/designer/1/icon/6978b7329a0c4.webp  
[2026-10-01 05:31:39] production.ERROR: Error in getFilePath: Unable to check existence for: uploads/designer/1/icon/695cee595a4dc.gif  
[2026-10-01 05:31:39] production.ERROR: Error in getFilePath: Unable to check existence for: uploads/designer/1/icon/6978b7329a0c4.webp  
[2026-10-01 05:31:40] production.ERROR: Error in getFilePath: Unable to check existence for: uploads/designer/1/icon/695cee595a4dc.gif  
[2026-10-01 05:31:40] production.ERROR: Error in getFilePath: Unable to check existence for: uploads/designer/1/icon/6978b7329a0c4.webp  
[2026-10-01 05:31:40] production.ERROR: Error in getFilePath: Unable to check existence for: uploads/designer/1/icon/695cee595a4dc.gif  
[2026-10-01 05:31:40] production.ERROR: Error in getFilePath: Unable to check existence for: uploads/designer/1/icon/6978b7329a0c4.webp  
[2026-10-01 05:31:41] production.ERROR: Error in getFilePath: Unable to check existence for: uploads/designer/1/icon/695cee595a4dc.gif  
[2026-10-01 05:31:41] production.ERROR: Error in getFilePath: Unable to check existence for: uploads/designer/1/icon/6978b7329a0c4.webp  
[2026-10-01 05:31:41] production.ERROR: Error in getFilePath: Unable to check existence for: uploads/designer/1/icon/695cee595a4dc.gif  
[2026-10-01 05:31:41] production.ERROR: Error in getFilePath: Unable to check existence for: uploads/designer/1/icon/6978b7329a0c4.webp  
[2026-10-01 05:31:42] production.ERROR: Error in getFilePath: Unable to check existence for: uploads/designer/1/icon/695cee595a4dc.gif  
[2026-10-01 05:31:42] production.ERROR: Error in getFilePath: Unable to check existence for: uploads/designer/1/icon/6978b7329a0c4.webp  
[2026-10-01 05:31:42] production.ERROR: Error in getFilePath: Unable to check existence for: uploads/designer/1/icon/695cee595a4dc.gif  
[2026-10-01 05:31:42] production.ERROR: Error in getFilePath: Unable to check existence for: uploads/designer/1/icon/6978b7329a0c4.webp  
[2026-10-01 05:31:43] production.ERROR: Error in getFilePath: Unable to check existence for: uploads/designer/1/icon/695cee595a4dc.gif  
[2026-10-01 05:31:45] production.ERROR: Error in getFilePath: Unable to check existence for: uploads/designer/1/icon/6978b7329a0c4.webp  
[2026-10-01 05:31:45] production.ERROR: Error in getFilePath: Unable to check existence for: uploads/designer/1/icon/695cee595a4dc.gif  
[2026-10-01 05:31:45] production.ERROR: Error in getFilePath: Unable to check existence for: uploads/designer/1/icon/6978b7329a0c4.webp  
[2026-10-01 05:31:46] production.ERROR: Error in getFilePath: Unable to check existence for: uploads/designer/1/icon/695cee595a4dc.gif  
[2026-10-01 05:32:33] production.ERROR: Error in getFilePath: Unable to check existence for: uploads/designer/1/icon/6978b7329a0c4.webp  
[2026-10-01 05:32:33] production.ERROR: Error in getFilePath: Unable to check existence for: uploads/background-settings/677d073563029.webp  
[2026-10-01 05:32:33] production.ERROR: Error in getFilePath: Unable to check existence for: uploads/designer/1/icon/6978b7329a0c4.webp  
[2026-10-01 05:32:33] production.ERROR: Error in getFilePath: Unable to check existence for: uploads/designer/1/icon/6978b72e00a44.webp  
[2026-10-01 05:32:33] production.ERROR: Error in getFilePath: Unable to check existence for: uploads/background-settings/677d073563029.webp  
[2026-10-01 05:32:34] production.ERROR: Error in getFilePath: Unable to check existence for: uploads/designer/1/icon/6978b72e00a44.webp  
[2026-10-01 05:32:42] production.ERROR: Error in getFilePath: Unable to check existence for: uploads/designer/1/icon/6978b7329a0c4.webp  
[2026-10-01 05:32:42] production.ERROR: Error in getFilePath: Unable to check existence for: uploads/background-settings/677d073563029.webp  
[2026-10-01 05:32:42] production.ERROR: Error in getFilePath: Unable to check existence for: uploads/designer/1/icon/6978b72e00a44.webp  
[2026-10-01 05:32:48] production.ERROR: Error in getFilePath: Unable to check existence for: uploads/designer/1/icon/6978b7329a0c4.webp  
[2026-10-01 05:32:48] production.ERROR: Error in getFilePath: Unable to check existence for: uploads/designer/1/icon/695cee595a4dc.gif  
[2026-10-01 05:32:48] production.ERROR: Error in getFilePath: Unable to check existence for: uploads/designer/1/icon/6978b7329a0c4.webp  
[2026-10-01 05:32:48] production.ERROR: Error in getFilePath: Unable to check existence for: uploads/designer/1/icon/695cee595a4dc.gif  
[2026-10-01 05:32:48] production.ERROR: Error in getFilePath: Unable to check existence for: uploads/designer/1/icon/6978b7329a0c4.webp  
[2026-10-01 05:32:48] production.ERROR: Error in getFilePath: Unable to check existence for: uploads/designer/1/icon/6978b7329a0c4.webp  
[2026-10-01 05:32:48] production.ERROR: Error in getFilePath: Unable to check existence for: uploads/designer/1/icon/695cee595a4dc.gif  
[2026-10-01 05:32:48] production.ERROR: Error in getFilePath: Unable to check existence for: uploads/designer/1/icon/6978b7329a0c4.webp  
[2026-10-01 05:32:48] production.ERROR: Error in getFilePath: Unable to check existence for: uploads/designer/1/icon/695cee595a4dc.gif  
[2026-10-01 05:32:48] production.ERROR: Error in getFilePath: Unable to check existence for: uploads/designer/1/icon/6978b7329a0c4.webp  
[2026-10-01 05:32:48] production.ERROR: Error in getFilePath: Unable to check existence for: uploads/designer/1/icon/695cee595a4dc.gif  
[2026-10-01 05:32:48] production.ERROR: Error in getFilePath: Unable to check existence for: uploads/background-settings/677d073563029.webp  
[2026-10-01 05:32:48] production.ERROR: Error in getFilePath: Unable to check existence for: uploads/designer/1/icon/6978b72e00a44.webp  
[2026-10-01 05:32:59] production.ERROR: Error in getFilePath: Unable to check existence for: uploads/designer/1/icon/6978b7329a0c4.webp  
[2026-10-01 05:32:59] production.ERROR: Error in getFilePath: Unable to check existence for: uploads/designer/1/icon/695cee595a4dc.gif  
[2026-10-01 05:33:00] production.ERROR: Error in getFilePath: Unable to check existence for: uploads/designer/1/icon/6978b7329a0c4.webp  
[2026-10-01 05:33:00] production.ERROR: Error in getFilePath: Unable to check existence for: uploads/designer/1/icon/6978b7329a0c4.webp  
[2026-10-01 05:33:00] production.ERROR: Error in getFilePath: Unable to check existence for: uploads/designer/1/icon/695cee595a4dc.gif  
[2026-10-01 05:33:00] production.ERROR: Error in getFilePath: Unable to check existence for: uploads/designer/1/icon/695cee595a4dc.gif  
[2026-10-01 05:33:00] production.ERROR: Error in getFilePath: Unable to check existence for: uploads/designer/1/icon/6978b7329a0c4.webp  
[2026-10-01 05:33:00] production.ERROR: Error in getFilePath: Unable to check existence for: uploads/designer/1/icon/695cee595a4dc.gif  
[2026-10-01 05:33:00] production.ERROR: Error in getFilePath: Unable to check existence for: uploads/designer/1/icon/6978b7329a0c4.webp  
[2026-10-01 05:33:00] production.ERROR: Error in getFilePath: Unable to check existence for: uploads/designer/1/icon/6978b7329a0c4.webp  
[2026-10-01 05:33:00] production.ERROR: Error in getFilePath: Unable to check existence for: uploads/designer/1/icon/695cee595a4dc.gif  
[2026-10-01 05:33:00] production.ERROR: Error in getFilePath: Unable to check existence for: uploads/background-settings/677d073563029.webp  
[2026-10-01 05:33:00] production.ERROR: Error in getFilePath: Unable to check existence for: uploads/designer/1/icon/6978b72e00a44.webp  
[2026-10-01 05:33:12] production.ERROR: Error in getFilePath: Unable to check existence for: uploads/designer/1/icon/6978b7329a0c4.webp  
[2026-10-01 05:33:13] production.ERROR: Error in getFilePath: Unable to check existence for: uploads/background-settings/677d073563029.webp  
[2026-10-01 05:33:13] production.ERROR: Error in getFilePath: Unable to check existence for: uploads/designer/1/icon/6978b7329a0c4.webp  
[2026-10-01 05:33:13] production.ERROR: Error in getFilePath: Unable to check existence for: uploads/designer/1/icon/6978b72e00a44.webp  
[2026-10-01 05:33:13] production.ERROR: Error in getFilePath: Unable to check existence for: uploads/background-settings/677d073563029.webp  
[2026-10-01 05:33:13] production.ERROR: Error in getFilePath: Unable to check existence for: uploads/designer/1/icon/6978b72e00a44.webp  
[2026-10-01 05:35:16] production.ERROR: Error in getFilePath: Unable to check existence for: uploads/designer/1/icon/6978b7329a0c4.webp  
[2026-10-01 05:35:16] production.ERROR: Error in getFilePath: Unable to check existence for: uploads/background-settings/677d073563029.webp  
[2026-10-01 05:35:16] production.ERROR: Error in getFilePath: Unable to check existence for: uploads/designer/1/icon/6978b72e00a44.webp  
[2026-10-01 05:37:55] production.ERROR: Error in getFilePath: Unable to check existence for: uploads/designer/1/icon/6978b7329a0c4.webp  
[2026-10-01 05:37:55] production.ERROR: Error in getFilePath: Unable to check existence for: uploads/background-settings/677d073563029.webp  
[2026-10-01 05:37:55] production.ERROR: Error in getFilePath: Unable to check existence for: uploads/designer/1/icon/6978b72e00a44.webp  
[2026-10-01 05:38:11] production.ERROR: SQLSTATE[42000]: Syntax error or access violation: 1055 'housebrandsdb.order_statuses.name' isn't in GROUP BY (Connection: mysql, SQL: select `order_statuses`.`name`, `order_statuses`.`color`, COUNT(orders.id) as total from `orders` inner join `order_statuses` on `orders`.`status` = `order_statuses`.`id` group by `status`) {"view":{"view":"/var/www/house-brand/resources/views/dashboard.blade.php","data":[]},"userId":1,"exception":"[object] (Spatie\\LaravelIgnition\\Exceptions\\ViewException(code: 0): SQLSTATE[42000]: Syntax error or access violation: 1055 'housebrandsdb.order_statuses.name' isn't in GROUP BY (Connection: mysql, SQL: select `order_statuses`.`name`, `order_statuses`.`color`, COUNT(orders.id) as total from `orders` inner join `order_statuses` on `orders`.`status` = `order_statuses`.`id` group by `status`) at /var/www/house-brand/vendor/laravel/framework/src/Illuminate/Database/Connection.php:829)
[stacktrace]
#0 /var/www/house-brand/vendor/laravel/framework/src/Illuminate/Database/Connection.php(783): Illuminate\\Database\\Connection->runQueryCallback()
#1 /var/www/house-brand/vendor/laravel/framework/src/Illuminate/Database/Connection.php(414): Illuminate\\Database\\Connection->run()
#2 /var/www/house-brand/vendor/laravel/framework/src/Illuminate/Database/Query/Builder.php(2913): Illuminate\\Database\\Connection->select()
#3 /var/www/house-brand/vendor/laravel/framework/src/Illuminate/Database/Query/Builder.php(2902): Illuminate\\Database\\Query\\Builder->runSelect()
#4 /var/www/house-brand/vendor/laravel/framework/src/Illuminate/Database/Query/Builder.php(3456): Illuminate\\Database\\Query\\Builder->Illuminate\\Database\\Query\\{closure}()
#5 /var/www/house-brand/vendor/laravel/framework/src/Illuminate/Database/Query/Builder.php(2901): Illuminate\\Database\\Query\\Builder->onceWithColumns()
#6 /var/www/house-brand/vendor/laravel/framework/src/Illuminate/Database/Eloquent/Builder.php(739): Illuminate\\Database\\Query\\Builder->get()
#7 /var/www/house-brand/vendor/laravel/framework/src/Illuminate/Database/Eloquent/Builder.php(723): Illuminate\\Database\\Eloquent\\Builder->getModels()
#8 /var/www/house-brand/app/View/Components/OderStatusGraph.php(23): Illuminate\\Database\\Eloquent\\Builder->get()
#9 /var/www/house-brand/vendor/laravel/framework/src/Illuminate/View/Component.php(102): App\\View\\Components\\OderStatusGraph->__construct()
#10 /var/www/house-brand/resources/views/dashboard.blade.php(26): Illuminate\\View\\Component::resolve()
#11 /var/www/house-brand/vendor/laravel/framework/src/Illuminate/Filesystem/Filesystem.php(123): require('...')
#12 /var/www/house-brand/vendor/laravel/framework/src/Illuminate/Filesystem/Filesystem.php(124): Illuminate\\Filesystem\\Filesystem::Illuminate\\Filesystem\\{closure}()
#13 /var/www/house-brand/vendor/laravel/framework/src/Illuminate/View/Engines/PhpEngine.php(58): Illuminate\\Filesystem\\Filesystem->getRequire()
#14 /var/www/house-brand/vendor/laravel/framework/src/Illuminate/View/Engines/CompilerEngine.php(72): Illuminate\\View\\Engines\\PhpEngine->evaluatePath()
#15 /var/www/house-brand/vendor/laravel/framework/src/Illuminate/View/View.php(207): Illuminate\\View\\Engines\\CompilerEngine->get()
#16 /var/www/house-brand/vendor/laravel/framework/src/Illuminate/View/View.php(190): Illuminate\\View\\View->getContents()
#17 /var/www/house-brand/vendor/laravel/framework/src/Illuminate/View/View.php(159): Illuminate\\View\\View->renderContents()
#18 /var/www/house-brand/vendor/laravel/framework/src/Illuminate/Http/Response.php(69): Illuminate\\View\\View->render()
#19 /var/www/house-brand/vendor/laravel/framework/src/Illuminate/Http/Response.php(35): Illuminate\\Http\\Response->setContent()
#20 /var/www/house-brand/vendor/laravel/framework/src/Illuminate/Routing/Router.php(918): Illuminate\\Http\\Response->__construct()
#21 /var/www/house-brand/vendor/laravel/framework/src/Illuminate/Routing/Router.php(885): Illuminate\\Routing\\Router::toResponse()
#22 /var/www/house-brand/vendor/laravel/framework/src/Illuminate/Routing/Router.php(805): Illuminate\\Routing\\Router->prepareResponse()
#23 /var/www/house-brand/vendor/laravel/framework/src/Illuminate/Pipeline/Pipeline.php(144): Illuminate\\Routing\\Router->Illuminate\\Routing\\{closure}()
#24 /var/www/house-brand/app/Http/Middleware/EnsureUserIsSubscribed.php(27): Illuminate\\Pipeline\\Pipeline->Illuminate\\Pipeline\\{closure}()
#25 /var/www/house-brand/vendor/laravel/framework/src/Illuminate/Pipeline/Pipeline.php(183): App\\Http\\Middleware\\EnsureUserIsSubscribed->handle()
#26 /var/www/house-brand/vendor/barryvdh/laravel-debugbar/src/Middleware/InjectDebugbar.php(59): Illuminate\\Pipeline\\Pipeline->Illuminate\\Pipeline\\{closure}()
#27 /var/www/house-brand/vendor/laravel/framework/src/Illuminate/Pipeline/Pipeline.php(183): Barryvdh\\Debugbar\\Middleware\\InjectDebugbar->handle()
#28 /var/www/house-brand/app/Http/Middleware/LanguageMiddleware.php(27): Illuminate\\Pipeline\\Pipeline->Illuminate\\Pipeline\\{closure}()
#29 /var/www/house-brand/vendor/laravel/framework/src/Illuminate/Pipeline/Pipeline.php(183): App\\Http\\Middleware\\LanguageMiddleware->handle()
#30 /var/www/house-brand/vendor/laravel/framework/src/Illuminate/Routing/Middleware/SubstituteBindings.php(50): Illuminate\\Pipeline\\Pipeline->Illuminate\\Pipeline\\{closure}()
#31 /var/www/house-brand/vendor/laravel/framework/src/Illuminate/Pipeline/Pipeline.php(183): Illuminate\\Routing\\Middleware\\SubstituteBindings->handle()
#32 /var/www/house-brand/vendor/laravel/framework/src/Illuminate/Auth/Middleware/Authenticate.php(57): Illuminate\\Pipeline\\Pipeline->Illuminate\\Pipeline\\{closure}()
#33 /var/www/house-brand/vendor/laravel/framework/src/Illuminate/Pipeline/Pipeline.php(183): Illuminate\\Auth\\Middleware\\Authenticate->handle()
#34 /var/www/house-brand/vendor/laravel/framework/src/Illuminate/Foundation/Http/Middleware/VerifyCsrfToken.php(78): Illuminate\\Pipeline\\Pipeline->Illuminate\\Pipeline\\{closure}()
#35 /var/www/house-brand/vendor/laravel/framework/src/Illuminate/Pipeline/Pipeline.php(183): Illuminate\\Foundation\\Http\\Middleware\\VerifyCsrfToken->handle()
#36 /var/www/house-brand/vendor/laravel/framework/src/Illuminate/View/Middleware/ShareErrorsFromSession.php(49): Illuminate\\Pipeline\\Pipeline->Illuminate\\Pipeline\\{closure}()
#37 /var/www/house-brand/vendor/laravel/framework/src/Illuminate/Pipeline/Pipeline.php(183): Illuminate\\View\\Middleware\\ShareErrorsFromSession->handle()
#38 /var/www/house-brand/vendor/laravel/framework/src/Illuminate/Cookie/Middleware/AddQueuedCookiesToResponse.php(37): Illuminate\\Pipeline\\Pipeline->Illuminate\\Pipeline\\{closure}()
#39 /var/www/house-brand/vendor/laravel/framework/src/Illuminate/Pipeline/Pipeline.php(183): Illuminate\\Cookie\\Middleware\\AddQueuedCookiesToResponse->handle()
#40 /var/www/house-brand/vendor/laravel/framework/src/Illuminate/Cookie/Middleware/EncryptCookies.php(67): Illuminate\\Pipeline\\Pipeline->Illuminate\\Pipeline\\{closure}()
#41 /var/www/house-brand/vendor/laravel/framework/src/Illuminate/Pipeline/Pipeline.php(183): Illuminate\\Cookie\\Middleware\\EncryptCookies->handle()
#42 /var/www/house-brand/vendor/laravel/framework/src/Illuminate/Pipeline/Pipeline.php(119): Illuminate\\Pipeline\\Pipeline->Illuminate\\Pipeline\\{closure}()
#43 /var/www/house-brand/vendor/laravel/framework/src/Illuminate/Routing/Router.php(805): Illuminate\\Pipeline\\Pipeline->then()
#44 /var/www/house-brand/vendor/laravel/framework/src/Illuminate/Routing/Router.php(784): Illuminate\\Routing\\Router->runRouteWithinStack()
#45 /var/www/house-brand/vendor/laravel/framework/src/Illuminate/Routing/Router.php(748): Illuminate\\Routing\\Router->runRoute()
#46 /var/www/house-brand/vendor/laravel/framework/src/Illuminate/Routing/Router.php(737): Illuminate\\Routing\\Router->dispatchToRoute()
#47 /var/www/house-brand/vendor/laravel/framework/src/Illuminate/Foundation/Http/Kernel.php(200): Illuminate\\Routing\\Router->dispatch()
#48 /var/www/house-brand/vendor/laravel/framework/src/Illuminate/Pipeline/Pipeline.php(144): Illuminate\\Foundation\\Http\\Kernel->Illuminate\\Foundation\\Http\\{closure}()
#49 /var/www/house-brand/vendor/barryvdh/laravel-debugbar/src/Middleware/InjectDebugbar.php(59): Illuminate\\Pipeline\\Pipeline->Illuminate\\Pipeline\\{closure}()
#50 /var/www/house-brand/vendor/laravel/framework/src/Illuminate/Pipeline/Pipeline.php(183): Barryvdh\\Debugbar\\Middleware\\InjectDebugbar->handle()
#51 /var/www/house-brand/vendor/laravel/framework/src/Illuminate/Session/Middleware/StartSession.php(121): Illuminate\\Pipeline\\Pipeline->Illuminate\\Pipeline\\{closure}()
#52 /var/www/house-brand/vendor/laravel/framework/src/Illuminate/Session/Middleware/StartSession.php(64): Illuminate\\Session\\Middleware\\StartSession->handleStatefulRequest()
#53 /var/www/house-brand/vendor/laravel/framework/src/Illuminate/Pipeline/Pipeline.php(183): Illuminate\\Session\\Middleware\\StartSession->handle()
#54 /var/www/house-brand/vendor/laravel/framework/src/Illuminate/Foundation/Http/Middleware/TransformsRequest.php(21): Illuminate\\Pipeline\\Pipeline->Illuminate\\Pipeline\\{closure}()
#55 /var/www/house-brand/vendor/laravel/framework/src/Illuminate/Foundation/Http/Middleware/ConvertEmptyStringsToNull.php(31): Illuminate\\Foundation\\Http\\Middleware\\TransformsRequest->handle()
#56 /var/www/house-brand/vendor/laravel/framework/src/Illuminate/Pipeline/Pipeline.php(183): Illuminate\\Foundation\\Http\\Middleware\\ConvertEmptyStringsToNull->handle()
#57 /var/www/house-brand/vendor/laravel/framework/src/Illuminate/Foundation/Http/Middleware/TransformsRequest.php(21): Illuminate\\Pipeline\\Pipeline->Illuminate\\Pipeline\\{closure}()
#58 /var/www/house-brand/vendor/laravel/framework/src/Illuminate/Foundation/Http/Middleware/TrimStrings.php(40): Illuminate\\Foundation\\Http\\Middleware\\TransformsRequest->handle()
#59 /var/www/house-brand/vendor/laravel/framework/src/Illuminate/Pipeline/Pipeline.php(183): Illuminate\\Foundation\\Http\\Middleware\\TrimStrings->handle()
#60 /var/www/house-brand/vendor/laravel/framework/src/Illuminate/Foundation/Http/Middleware/ValidatePostSize.php(27): Illuminate\\Pipeline\\Pipeline->Illuminate\\Pipeline\\{closure}()
#61 /var/www/house-brand/vendor/laravel/framework/src/Illuminate/Pipeline/Pipeline.php(183): Illuminate\\Foundation\\Http\\Middleware\\ValidatePostSize->handle()
#62 /var/www/house-brand/vendor/laravel/framework/src/Illuminate/Foundation/Http/Middleware/PreventRequestsDuringMaintenance.php(99): Illuminate\\Pipeline\\Pipeline->Illuminate\\Pipeline\\{closure}()
#63 /var/www/house-brand/vendor/laravel/framework/src/Illuminate/Pipeline/Pipeline.php(183): Illuminate\\Foundation\\Http\\Middleware\\PreventRequestsDuringMaintenance->handle()
#64 /var/www/house-brand/vendor/laravel/framework/src/Illuminate/Http/Middleware/HandleCors.php(49): Illuminate\\Pipeline\\Pipeline->Illuminate\\Pipeline\\{closure}()
#65 /var/www/house-brand/vendor/laravel/framework/src/Illuminate/Pipeline/Pipeline.php(183): Illuminate\\Http\\Middleware\\HandleCors->handle()
#66 /var/www/house-brand/vendor/laravel/framework/src/Illuminate/Http/Middleware/TrustProxies.php(39): Illuminate\\Pipeline\\Pipeline->Illuminate\\Pipeline\\{closure}()
#67 /var/www/house-brand/vendor/laravel/framework/src/Illuminate/Pipeline/Pipeline.php(183): Illuminate\\Http\\Middleware\\TrustProxies->handle()
#68 /var/www/house-brand/vendor/laravel/framework/src/Illuminate/Pipeline/Pipeline.php(119): Illuminate\\Pipeline\\Pipeline->Illuminate\\Pipeline\\{closure}()
#69 /var/www/house-brand/vendor/laravel/framework/src/Illuminate/Foundation/Http/Kernel.php(175): Illuminate\\Pipeline\\Pipeline->then()
#70 /var/www/house-brand/vendor/laravel/framework/src/Illuminate/Foundation/Http/Kernel.php(144): Illuminate\\Foundation\\Http\\Kernel->sendRequestThroughRouter()
#71 /var/www/house-brand/public/index.php(51): Illuminate\\Foundation\\Http\\Kernel->handle()
#72 {main}

[previous exception] [object] (Illuminate\\Database\\QueryException(code: 42000): SQLSTATE[42000]: Syntax error or access violation: 1055 'housebrandsdb.order_statuses.name' isn't in GROUP BY (Connection: mysql, SQL: select `order_statuses`.`name`, `order_statuses`.`color`, COUNT(orders.id) as total from `orders` inner join `order_statuses` on `orders`.`status` = `order_statuses`.`id` group by `status`) at /var/www/house-brand/vendor/laravel/framework/src/Illuminate/Database/Connection.php:829)
[stacktrace]
#0 /var/www/house-brand/vendor/laravel/framework/src/Illuminate/Database/Connection.php(783): Illuminate\\Database\\Connection->runQueryCallback()
#1 /var/www/house-brand/vendor/laravel/framework/src/Illuminate/Database/Connection.php(414): Illuminate\\Database\\Connection->run()
#2 /var/www/house-brand/vendor/laravel/framework/src/Illuminate/Database/Query/Builder.php(2913): Illuminate\\Database\\Connection->select()
#3 /var/www/house-brand/vendor/laravel/framework/src/Illuminate/Database/Query/Builder.php(2902): Illuminate\\Database\\Query\\Builder->runSelect()
#4 /var/www/house-brand/vendor/laravel/framework/src/Illuminate/Database/Query/Builder.php(3456): Illuminate\\Database\\Query\\Builder->Illuminate\\Database\\Query\\{closure}()
#5 /var/www/house-brand/vendor/laravel/framework/src/Illuminate/Database/Query/Builder.php(2901): Illuminate\\Database\\Query\\Builder->onceWithColumns()
#6 /var/www/house-brand/vendor/laravel/framework/src/Illuminate/Database/Eloquent/Builder.php(739): Illuminate\\Database\\Query\\Builder->get()
#7 /var/www/house-brand/vendor/laravel/framework/src/Illuminate/Database/Eloquent/Builder.php(723): Illuminate\\Database\\Eloquent\\Builder->getModels()
#8 /var/www/house-brand/app/View/Components/OderStatusGraph.php(23): Illuminate\\Database\\Eloquent\\Builder->get()
#9 /var/www/house-brand/vendor/laravel/framework/src/Illuminate/View/Component.php(102): App\\View\\Components\\OderStatusGraph->__construct()
#10 /var/www/house-brand/storage/framework/views/c89d2ed91aafc7ed2016ec727864742d.php(83): Illuminate\\View\\Component::resolve()
#11 /var/www/house-brand/vendor/laravel/framework/src/Illuminate/Filesystem/Filesystem.php(123): require('...')
#12 /var/www/house-brand/vendor/laravel/framework/src/Illuminate/Filesystem/Filesystem.php(124): Illuminate\\Filesystem\\Filesystem::Illuminate\\Filesystem\\{closure}()
#13 /var/www/house-brand/vendor/laravel/framework/src/Illuminate/View/Engines/PhpEngine.php(58): Illuminate\\Filesystem\\Filesystem->getRequire()
#14 /var/www/house-brand/vendor/laravel/framework/src/Illuminate/View/Engines/CompilerEngine.php(72): Illuminate\\View\\Engines\\PhpEngine->evaluatePath()
#15 /var/www/house-brand/vendor/laravel/framework/src/Illuminate/View/View.php(207): Illuminate\\View\\Engines\\CompilerEngine->get()
#16 /var/www/house-brand/vendor/laravel/framework/src/Illuminate/View/View.php(190): Illuminate\\View\\View->getContents()
#17 /var/www/house-brand/vendor/laravel/framework/src/Illuminate/View/View.php(159): Illuminate\\View\\View->renderContents()
#18 /var/www/house-brand/vendor/laravel/framework/src/Illuminate/Http/Response.php(69): Illuminate\\View\\View->render()
#19 /var/www/house-brand/vendor/laravel/framework/src/Illuminate/Http/Response.php(35): Illuminate\\Http\\Response->setContent()
#20 /var/www/house-brand/vendor/laravel/framework/src/Illuminate/Routing/Router.php(918): Illuminate\\Http\\Response->__construct()
#21 /var/www/house-brand/vendor/laravel/framework/src/Illuminate/Routing/Router.php(885): Illuminate\\Routing\\Router::toResponse()
#22 /var/www/house-brand/vendor/laravel/framework/src/Illuminate/Routing/Router.php(805): Illuminate\\Routing\\Router->prepareResponse()
#23 /var/www/house-brand/vendor/laravel/framework/src/Illuminate/Pipeline/Pipeline.php(144): Illuminate\\Routing\\Router->Illuminate\\Routing\\{closure}()
#24 /var/www/house-brand/app/Http/Middleware/EnsureUserIsSubscribed.php(27): Illuminate\\Pipeline\\Pipeline->Illuminate\\Pipeline\\{closure}()
#25 /var/www/house-brand/vendor/laravel/framework/src/Illuminate/Pipeline/Pipeline.php(183): App\\Http\\Middleware\\EnsureUserIsSubscribed->handle()
#26 /var/www/house-brand/vendor/barryvdh/laravel-debugbar/src/Middleware/InjectDebugbar.php(59): Illuminate\\Pipeline\\Pipeline->Illuminate\\Pipeline\\{closure}()
#27 /var/www/house-brand/vendor/laravel/framework/src/Illuminate/Pipeline/Pipeline.php(183): Barryvdh\\Debugbar\\Middleware\\InjectDebugbar->handle()
#28 /var/www/house-brand/app/Http/Middleware/LanguageMiddleware.php(27): Illuminate\\Pipeline\\Pipeline->Illuminate\\Pipeline\\{closure}()
#29 /var/www/house-brand/vendor/laravel/framework/src/Illuminate/Pipeline/Pipeline.php(183): App\\Http\\Middleware\\LanguageMiddleware->handle()
#30 /var/www/house-brand/vendor/laravel/framework/src/Illuminate/Routing/Middleware/SubstituteBindings.php(50): Illuminate\\Pipeline\\Pipeline->Illuminate\\Pipeline\\{closure}()
#31 /var/www/house-brand/vendor/laravel/framework/src/Illuminate/Pipeline/Pipeline.php(183): Illuminate\\Routing\\Middleware\\SubstituteBindings->handle()
#32 /var/www/house-brand/vendor/laravel/framework/src/Illuminate/Auth/Middleware/Authenticate.php(57): Illuminate\\Pipeline\\Pipeline->Illuminate\\Pipeline\\{closure}()
#33 /var/www/house-brand/vendor/laravel/framework/src/Illuminate/Pipeline/Pipeline.php(183): Illuminate\\Auth\\Middleware\\Authenticate->handle()
#34 /var/www/house-brand/vendor/laravel/framework/src/Illuminate/Foundation/Http/Middleware/VerifyCsrfToken.php(78): Illuminate\\Pipeline\\Pipeline->Illuminate\\Pipeline\\{closure}()
#35 /var/www/house-brand/vendor/laravel/framework/src/Illuminate/Pipeline/Pipeline.php(183): Illuminate\\Foundation\\Http\\Middleware\\VerifyCsrfToken->handle()
#36 /var/www/house-brand/vendor/laravel/framework/src/Illuminate/View/Middleware/ShareErrorsFromSession.php(49): Illuminate\\Pipeline\\Pipeline->Illuminate\\Pipeline\\{closure}()
#37 /var/www/house-brand/vendor/laravel/framework/src/Illuminate/Pipeline/Pipeline.php(183): Illuminate\\View\\Middleware\\ShareErrorsFromSession->handle()
#38 /var/www/house-brand/vendor/laravel/framework/src/Illuminate/Cookie/Middleware/AddQueuedCookiesToResponse.php(37): Illuminate\\Pipeline\\Pipeline->Illuminate\\Pipeline\\{closure}()
#39 /var/www/house-brand/vendor/laravel/framework/src/Illuminate/Pipeline/Pipeline.php(183): Illuminate\\Cookie\\Middleware\\AddQueuedCookiesToResponse->handle()
#40 /var/www/house-brand/vendor/laravel/framework/src/Illuminate/Cookie/Middleware/EncryptCookies.php(67): Illuminate\\Pipeline\\Pipeline->Illuminate\\Pipeline\\{closure}()
#41 /var/www/house-brand/vendor/laravel/framework/src/Illuminate/Pipeline/Pipeline.php(183): Illuminate\\Cookie\\Middleware\\EncryptCookies->handle()
#42 /var/www/house-brand/vendor/laravel/framework/src/Illuminate/Pipeline/Pipeline.php(119): Illuminate\\Pipeline\\Pipeline->Illuminate\\Pipeline\\{closure}()
#43 /var/www/house-brand/vendor/laravel/framework/src/Illuminate/Routing/Router.php(805): Illuminate\\Pipeline\\Pipeline->then()
#44 /var/www/house-brand/vendor/laravel/framework/src/Illuminate/Routing/Router.php(784): Illuminate\\Routing\\Router->runRouteWithinStack()
#45 /var/www/house-brand/vendor/laravel/framework/src/Illuminate/Routing/Router.php(748): Illuminate\\Routing\\Router->runRoute()
#46 /var/www/house-brand/vendor/laravel/framework/src/Illuminate/Routing/Router.php(737): Illuminate\\Routing\\Router->dispatchToRoute()
#47 /var/www/house-brand/vendor/laravel/framework/src/Illuminate/Foundation/Http/Kernel.php(200): Illuminate\\Routing\\Router->dispatch()
#48 /var/www/house-brand/vendor/laravel/framework/src/Illuminate/Pipeline/Pipeline.php(144): Illuminate\\Foundation\\Http\\Kernel->Illuminate\\Foundation\\Http\\{closure}()
#49 /var/www/house-brand/vendor/barryvdh/laravel-debugbar/src/Middleware/InjectDebugbar.php(59): Illuminate\\Pipeline\\Pipeline->Illuminate\\Pipeline\\{closure}()
#50 /var/www/house-brand/vendor/laravel/framework/src/Illuminate/Pipeline/Pipeline.php(183): Barryvdh\\Debugbar\\Middleware\\InjectDebugbar->handle()
#51 /var/www/house-brand/vendor/laravel/framework/src/Illuminate/Session/Middleware/StartSession.php(121): Illuminate\\Pipeline\\Pipeline->Illuminate\\Pipeline\\{closure}()
#52 /var/www/house-brand/vendor/laravel/framework/src/Illuminate/Session/Middleware/StartSession.php(64): Illuminate\\Session\\Middleware\\StartSession->handleStatefulRequest()
#53 /var/www/house-brand/vendor/laravel/framework/src/Illuminate/Pipeline/Pipeline.php(183): Illuminate\\Session\\Middleware\\StartSession->handle()
#54 /var/www/house-brand/vendor/laravel/framework/src/Illuminate/Foundation/Http/Middleware/TransformsRequest.php(21): Illuminate\\Pipeline\\Pipeline->Illuminate\\Pipeline\\{closure}()
#55 /var/www/house-brand/vendor/laravel/framework/src/Illuminate/Foundation/Http/Middleware/ConvertEmptyStringsToNull.php(31): Illuminate\\Foundation\\Http\\Middleware\\TransformsRequest->handle()
#56 /var/www/house-brand/vendor/laravel/framework/src/Illuminate/Pipeline/Pipeline.php(183): Illuminate\\Foundation\\Http\\Middleware\\ConvertEmptyStringsToNull->handle()
#57 /var/www/house-brand/vendor/laravel/framework/src/Illuminate/Foundation/Http/Middleware/TransformsRequest.php(21): Illuminate\\Pipeline\\Pipeline->Illuminate\\Pipeline\\{closure}()
#58 /var/www/house-brand/vendor/laravel/framework/src/Illuminate/Foundation/Http/Middleware/TrimStrings.php(40): Illuminate\\Foundation\\Http\\Middleware\\TransformsRequest->handle()
#59 /var/www/house-brand/vendor/laravel/framework/src/Illuminate/Pipeline/Pipeline.php(183): Illuminate\\Foundation\\Http\\Middleware\\TrimStrings->handle()
#60 /var/www/house-brand/vendor/laravel/framework/src/Illuminate/Foundation/Http/Middleware/ValidatePostSize.php(27): Illuminate\\Pipeline\\Pipeline->Illuminate\\Pipeline\\{closure}()
#61 /var/www/house-brand/vendor/laravel/framework/src/Illuminate/Pipeline/Pipeline.php(183): Illuminate\\Foundation\\Http\\Middleware\\ValidatePostSize->handle()
#62 /var/www/house-brand/vendor/laravel/framework/src/Illuminate/Foundation/Http/Middleware/PreventRequestsDuringMaintenance.php(99): Illuminate\\Pipeline\\Pipeline->Illuminate\\Pipeline\\{closure}()
#63 /var/www/house-brand/vendor/laravel/framework/src/Illuminate/Pipeline/Pipeline.php(183): Illuminate\\Foundation\\Http\\Middleware\\PreventRequestsDuringMaintenance->handle()
#64 /var/www/house-brand/vendor/laravel/framework/src/Illuminate/Http/Middleware/HandleCors.php(49): Illuminate\\Pipeline\\Pipeline->Illuminate\\Pipeline\\{closure}()
#65 /var/www/house-brand/vendor/laravel/framework/src/Illuminate/Pipeline/Pipeline.php(183): Illuminate\\Http\\Middleware\\HandleCors->handle()
#66 /var/www/house-brand/vendor/laravel/framework/src/Illuminate/Http/Middleware/TrustProxies.php(39): Illuminate\\Pipeline\\Pipeline->Illuminate\\Pipeline\\{closure}()
#67 /var/www/house-brand/vendor/laravel/framework/src/Illuminate/Pipeline/Pipeline.php(183): Illuminate\\Http\\Middleware\\TrustProxies->handle()
#68 /var/www/house-brand/vendor/laravel/framework/src/Illuminate/Pipeline/Pipeline.php(119): Illuminate\\Pipeline\\Pipeline->Illuminate\\Pipeline\\{closure}()
#69 /var/www/house-brand/vendor/laravel/framework/src/Illuminate/Foundation/Http/Kernel.php(175): Illuminate\\Pipeline\\Pipeline->then()
#70 /var/www/house-brand/vendor/laravel/framework/src/Illuminate/Foundation/Http/Kernel.php(144): Illuminate\\Foundation\\Http\\Kernel->sendRequestThroughRouter()
#71 /var/www/house-brand/public/index.php(51): Illuminate\\Foundation\\Http\\Kernel->handle()
#72 {main}

[previous exception] [object] (PDOException(code: 42000): SQLSTATE[42000]: Syntax error or access violation: 1055 'housebrandsdb.order_statuses.name' isn't in GROUP BY at /var/www/house-brand/vendor/laravel/framework/src/Illuminate/Database/Connection.php:423)
[stacktrace]
#0 /var/www/house-brand/vendor/laravel/framework/src/Illuminate/Database/Connection.php(423): PDO->prepare()
#1 /var/www/house-brand/vendor/laravel/framework/src/Illuminate/Database/Connection.php(816): Illuminate\\Database\\Connection->Illuminate\\Database\\{closure}()
#2 /var/www/house-brand/vendor/laravel/framework/src/Illuminate/Database/Connection.php(783): Illuminate\\Database\\Connection->runQueryCallback()
#3 /var/www/house-brand/vendor/laravel/framework/src/Illuminate/Database/Connection.php(414): Illuminate\\Database\\Connection->run()
#4 /var/www/house-brand/vendor/laravel/framework/src/Illuminate/Database/Query/Builder.php(2913): Illuminate\\Database\\Connection->select()
#5 /var/www/house-brand/vendor/laravel/framework/src/Illuminate/Database/Query/Builder.php(2902): Illuminate\\Database\\Query\\Builder->runSelect()
#6 /var/www/house-brand/vendor/laravel/framework/src/Illuminate/Database/Query/Builder.php(3456): Illuminate\\Database\\Query\\Builder->Illuminate\\Database\\Query\\{closure}()
#7 /var/www/house-brand/vendor/laravel/framework/src/Illuminate/Database/Query/Builder.php(2901): Illuminate\\Database\\Query\\Builder->onceWithColumns()
#8 /var/www/house-brand/vendor/laravel/framework/src/Illuminate/Database/Eloquent/Builder.php(739): Illuminate\\Database\\Query\\Builder->get()
#9 /var/www/house-brand/vendor/laravel/framework/src/Illuminate/Database/Eloquent/Builder.php(723): Illuminate\\Database\\Eloquent\\Builder->getModels()
#10 /var/www/house-brand/app/View/Components/OderStatusGraph.php(23): Illuminate\\Database\\Eloquent\\Builder->get()
#11 /var/www/house-brand/vendor/laravel/framework/src/Illuminate/View/Component.php(102): App\\View\\Components\\OderStatusGraph->__construct()
#12 /var/www/house-brand/storage/framework/views/c89d2ed91aafc7ed2016ec727864742d.php(83): Illuminate\\View\\Component::resolve()
#13 /var/www/house-brand/vendor/laravel/framework/src/Illuminate/Filesystem/Filesystem.php(123): require('...')
#14 /var/www/house-brand/vendor/laravel/framework/src/Illuminate/Filesystem/Filesystem.php(124): Illuminate\\Filesystem\\Filesystem::Illuminate\\Filesystem\\{closure}()
#15 /var/www/house-brand/vendor/laravel/framework/src/Illuminate/View/Engines/PhpEngine.php(58): Illuminate\\Filesystem\\Filesystem->getRequire()
#16 /var/www/house-brand/vendor/laravel/framework/src/Illuminate/View/Engines/CompilerEngine.php(72): Illuminate\\View\\Engines\\PhpEngine->evaluatePath()
#17 /var/www/house-brand/vendor/laravel/framework/src/Illuminate/View/View.php(207): Illuminate\\View\\Engines\\CompilerEngine->get()
#18 /var/www/house-brand/vendor/laravel/framework/src/Illuminate/View/View.php(190): Illuminate\\View\\View->getContents()
#19 /var/www/house-brand/vendor/laravel/framework/src/Illuminate/View/View.php(159): Illuminate\\View\\View->renderContents()
#20 /var/www/house-brand/vendor/laravel/framework/src/Illuminate/Http/Response.php(69): Illuminate\\View\\View->render()
#21 /var/www/house-brand/vendor/laravel/framework/src/Illuminate/Http/Response.php(35): Illuminate\\Http\\Response->setContent()
#22 /var/www/house-brand/vendor/laravel/framework/src/Illuminate/Routing/Router.php(918): Illuminate\\Http\\Response->__construct()
#23 /var/www/house-brand/vendor/laravel/framework/src/Illuminate/Routing/Router.php(885): Illuminate\\Routing\\Router::toResponse()
#24 /var/www/house-brand/vendor/laravel/framework/src/Illuminate/Routing/Router.php(805): Illuminate\\Routing\\Router->prepareResponse()
#25 /var/www/house-brand/vendor/laravel/framework/src/Illuminate/Pipeline/Pipeline.php(144): Illuminate\\Routing\\Router->Illuminate\\Routing\\{closure}()
#26 /var/www/house-brand/app/Http/Middleware/EnsureUserIsSubscribed.php(27): Illuminate\\Pipeline\\Pipeline->Illuminate\\Pipeline\\{closure}()
#27 /var/www/house-brand/vendor/laravel/framework/src/Illuminate/Pipeline/Pipeline.php(183): App\\Http\\Middleware\\EnsureUserIsSubscribed->handle()
#28 /var/www/house-brand/vendor/barryvdh/laravel-debugbar/src/Middleware/InjectDebugbar.php(59): Illuminate\\Pipeline\\Pipeline->Illuminate\\Pipeline\\{closure}()
#29 /var/www/house-brand/vendor/laravel/framework/src/Illuminate/Pipeline/Pipeline.php(183): Barryvdh\\Debugbar\\Middleware\\InjectDebugbar->handle()
#30 /var/www/house-brand/app/Http/Middleware/LanguageMiddleware.php(27): Illuminate\\Pipeline\\Pipeline->Illuminate\\Pipeline\\{closure}()
#31 /var/www/house-brand/vendor/laravel/framework/src/Illuminate/Pipeline/Pipeline.php(183): App\\Http\\Middleware\\LanguageMiddleware->handle()
#32 /var/www/house-brand/vendor/laravel/framework/src/Illuminate/Routing/Middleware/SubstituteBindings.php(50): Illuminate\\Pipeline\\Pipeline->Illuminate\\Pipeline\\{closure}()
#33 /var/www/house-brand/vendor/laravel/framework/src/Illuminate/Pipeline/Pipeline.php(183): Illuminate\\Routing\\Middleware\\SubstituteBindings->handle()
#34 /var/www/house-brand/vendor/laravel/framework/src/Illuminate/Auth/Middleware/Authenticate.php(57): Illuminate\\Pipeline\\Pipeline->Illuminate\\Pipeline\\{closure}()
#35 /var/www/house-brand/vendor/laravel/framework/src/Illuminate/Pipeline/Pipeline.php(183): Illuminate\\Auth\\Middleware\\Authenticate->handle()
#36 /var/www/house-brand/vendor/laravel/framework/src/Illuminate/Foundation/Http/Middleware/VerifyCsrfToken.php(78): Illuminate\\Pipeline\\Pipeline->Illuminate\\Pipeline\\{closure}()
#37 /var/www/house-brand/vendor/laravel/framework/src/Illuminate/Pipeline/Pipeline.php(183): Illuminate\\Foundation\\Http\\Middleware\\VerifyCsrfToken->handle()
#38 /var/www/house-brand/vendor/laravel/framework/src/Illuminate/View/Middleware/ShareErrorsFromSession.php(49): Illuminate\\Pipeline\\Pipeline->Illuminate\\Pipeline\\{closure}()
#39 /var/www/house-brand/vendor/laravel/framework/src/Illuminate/Pipeline/Pipeline.php(183): Illuminate\\View\\Middleware\\ShareErrorsFromSession->handle()
#40 /var/www/house-brand/vendor/laravel/framework/src/Illuminate/Cookie/Middleware/AddQueuedCookiesToResponse.php(37): Illuminate\\Pipeline\\Pipeline->Illuminate\\Pipeline\\{closure}()
#41 /var/www/house-brand/vendor/laravel/framework/src/Illuminate/Pipeline/Pipeline.php(183): Illuminate\\Cookie\\Middleware\\AddQueuedCookiesToResponse->handle()
#42 /var/www/house-brand/vendor/laravel/framework/src/Illuminate/Cookie/Middleware/EncryptCookies.php(67): Illuminate\\Pipeline\\Pipeline->Illuminate\\Pipeline\\{closure}()
#43 /var/www/house-brand/vendor/laravel/framework/src/Illuminate/Pipeline/Pipeline.php(183): Illuminate\\Cookie\\Middleware\\EncryptCookies->handle()
#44 /var/www/house-brand/vendor/laravel/framework/src/Illuminate/Pipeline/Pipeline.php(119): Illuminate\\Pipeline\\Pipeline->Illuminate\\Pipeline\\{closure}()
#45 /var/www/house-brand/vendor/laravel/framework/src/Illuminate/Routing/Router.php(805): Illuminate\\Pipeline\\Pipeline->then()
#46 /var/www/house-brand/vendor/laravel/framework/src/Illuminate/Routing/Router.php(784): Illuminate\\Routing\\Router->runRouteWithinStack()
#47 /var/www/house-brand/vendor/laravel/framework/src/Illuminate/Routing/Router.php(748): Illuminate\\Routing\\Router->runRoute()
#48 /var/www/house-brand/vendor/laravel/framework/src/Illuminate/Routing/Router.php(737): Illuminate\\Routing\\Router->dispatchToRoute()
#49 /var/www/house-brand/vendor/laravel/framework/src/Illuminate/Foundation/Http/Kernel.php(200): Illuminate\\Routing\\Router->dispatch()
#50 /var/www/house-brand/vendor/laravel/framework/src/Illuminate/Pipeline/Pipeline.php(144): Illuminate\\Foundation\\Http\\Kernel->Illuminate\\Foundation\\Http\\{closure}()
#51 /var/www/house-brand/vendor/barryvdh/laravel-debugbar/src/Middleware/InjectDebugbar.php(59): Illuminate\\Pipeline\\Pipeline->Illuminate\\Pipeline\\{closure}()
#52 /var/www/house-brand/vendor/laravel/framework/src/Illuminate/Pipeline/Pipeline.php(183): Barryvdh\\Debugbar\\Middleware\\InjectDebugbar->handle()
#53 /var/www/house-brand/vendor/laravel/framework/src/Illuminate/Session/Middleware/StartSession.php(121): Illuminate\\Pipeline\\Pipeline->Illuminate\\Pipeline\\{closure}()
#54 /var/www/house-brand/vendor/laravel/framework/src/Illuminate/Session/Middleware/StartSession.php(64): Illuminate\\Session\\Middleware\\StartSession->handleStatefulRequest()
#55 /var/www/house-brand/vendor/laravel/framework/src/Illuminate/Pipeline/Pipeline.php(183): Illuminate\\Session\\Middleware\\StartSession->handle()
#56 /var/www/house-brand/vendor/laravel/framework/src/Illuminate/Foundation/Http/Middleware/TransformsRequest.php(21): Illuminate\\Pipeline\\Pipeline->Illuminate\\Pipeline\\{closure}()
#57 /var/www/house-brand/vendor/laravel/framework/src/Illuminate/Foundation/Http/Middleware/ConvertEmptyStringsToNull.php(31): Illuminate\\Foundation\\Http\\Middleware\\TransformsRequest->handle()
#58 /var/www/house-brand/vendor/laravel/framework/src/Illuminate/Pipeline/Pipeline.php(183): Illuminate\\Foundation\\Http\\Middleware\\ConvertEmptyStringsToNull->handle()
#59 /var/www/house-brand/vendor/laravel/framework/src/Illuminate/Foundation/Http/Middleware/TransformsRequest.php(21): Illuminate\\Pipeline\\Pipeline->Illuminate\\Pipeline\\{closure}()
#60 /var/www/house-brand/vendor/laravel/framework/src/Illuminate/Foundation/Http/Middleware/TrimStrings.php(40): Illuminate\\Foundation\\Http\\Middleware\\TransformsRequest->handle()
#61 /var/www/house-brand/vendor/laravel/framework/src/Illuminate/Pipeline/Pipeline.php(183): Illuminate\\Foundation\\Http\\Middleware\\TrimStrings->handle()
#62 /var/www/house-brand/vendor/laravel/framework/src/Illuminate/Foundation/Http/Middleware/ValidatePostSize.php(27): Illuminate\\Pipeline\\Pipeline->Illuminate\\Pipeline\\{closure}()
#63 /var/www/house-brand/vendor/laravel/framework/src/Illuminate/Pipeline/Pipeline.php(183): Illuminate\\Foundation\\Http\\Middleware\\ValidatePostSize->handle()
#64 /var/www/house-brand/vendor/laravel/framework/src/Illuminate/Foundation/Http/Middleware/PreventRequestsDuringMaintenance.php(99): Illuminate\\Pipeline\\Pipeline->Illuminate\\Pipeline\\{closure}()
#65 /var/www/house-brand/vendor/laravel/framework/src/Illuminate/Pipeline/Pipeline.php(183): Illuminate\\Foundation\\Http\\Middleware\\PreventRequestsDuringMaintenance->handle()
#66 /var/www/house-brand/vendor/laravel/framework/src/Illuminate/Http/Middleware/HandleCors.php(49): Illuminate\\Pipeline\\Pipeline->Illuminate\\Pipeline\\{closure}()
#67 /var/www/house-brand/vendor/laravel/framework/src/Illuminate/Pipeline/Pipeline.php(183): Illuminate\\Http\\Middleware\\HandleCors->handle()
#68 /var/www/house-brand/vendor/laravel/framework/src/Illuminate/Http/Middleware/TrustProxies.php(39): Illuminate\\Pipeline\\Pipeline->Illuminate\\Pipeline\\{closure}()
#69 /var/www/house-brand/vendor/laravel/framework/src/Illuminate/Pipeline/Pipeline.php(183): Illuminate\\Http\\Middleware\\TrustProxies->handle()
#70 /var/www/house-brand/vendor/laravel/framework/src/Illuminate/Pipeline/Pipeline.php(119): Illuminate\\Pipeline\\Pipeline->Illuminate\\Pipeline\\{closure}()
#71 /var/www/house-brand/vendor/laravel/framework/src/Illuminate/Foundation/Http/Kernel.php(175): Illuminate\\Pipeline\\Pipeline->then()
#72 /var/www/house-brand/vendor/laravel/framework/src/Illuminate/Foundation/Http/Kernel.php(144): Illuminate\\Foundation\\Http\\Kernel->sendRequestThroughRouter()
#73 /var/www/house-brand/public/index.php(51): Illuminate\\Foundation\\Http\\Kernel->handle()
#74 {main}
"} 
[2026-10-01 05:39:16] production.ERROR: SQLSTATE[42000]: Syntax error or access violation: 1055 'housebrandsdb.order_statuses.name' isn't in GROUP BY (Connection: mysql, SQL: select `order_statuses`.`name`, `order_statuses`.`color`, COUNT(orders.id) as total from `orders` inner join `order_statuses` on `orders`.`status` = `order_statuses`.`id` group by `status`) {"view":{"view":"/var/www/house-brand/resources/views/dashboard.blade.php","data":[]},"userId":1,"exception":"[object] (Spatie\\LaravelIgnition\\Exceptions\\ViewException(code: 0): SQLSTATE[42000]: Syntax error or access violation: 1055 'housebrandsdb.order_statuses.name' isn't in GROUP BY (Connection: mysql, SQL: select `order_statuses`.`name`, `order_statuses`.`color`, COUNT(orders.id) as total from `orders` inner join `order_statuses` on `orders`.`status` = `order_statuses`.`id` group by `status`) at /var/www/house-brand/vendor/laravel/framework/src/Illuminate/Database/Connection.php:829)
[stacktrace]
#0 /var/www/house-brand/vendor/laravel/framework/src/Illuminate/Database/Connection.php(783): Illuminate\\Database\\Connection->runQueryCallback()
#1 /var/www/house-brand/vendor/laravel/framework/src/Illuminate/Database/Connection.php(414): Illuminate\\Database\\Connection->run()
#2 /var/www/house-brand/vendor/laravel/framework/src/Illuminate/Database/Query/Builder.php(2913): Illuminate\\Database\\Connection->select()
#3 /var/www/house-brand/vendor/laravel/framework/src/Illuminate/Database/Query/Builder.php(2902): Illuminate\\Database\\Query\\Builder->runSelect()
#4 /var/www/house-brand/vendor/laravel/framework/src/Illuminate/Database/Query/Builder.php(3456): Illuminate\\Database\\Query\\Builder->Illuminate\\Database\\Query\\{closure}()
#5 /var/www/house-brand/vendor/laravel/framework/src/Illuminate/Database/Query/Builder.php(2901): Illuminate\\Database\\Query\\Builder->onceWithColumns()
#6 /var/www/house-brand/vendor/laravel/framework/src/Illuminate/Database/Eloquent/Builder.php(739): Illuminate\\Database\\Query\\Builder->get()
#7 /var/www/house-brand/vendor/laravel/framework/src/Illuminate/Database/Eloquent/Builder.php(723): Illuminate\\Database\\Eloquent\\Builder->getModels()
#8 /var/www/house-brand/app/View/Components/OderStatusGraph.php(23): Illuminate\\Database\\Eloquent\\Builder->get()
#9 /var/www/house-brand/vendor/laravel/framework/src/Illuminate/View/Component.php(102): App\\View\\Components\\OderStatusGraph->__construct()
#10 /var/www/house-brand/resources/views/dashboard.blade.php(26): Illuminate\\View\\Component::resolve()
#11 /var/www/house-brand/vendor/laravel/framework/src/Illuminate/Filesystem/Filesystem.php(123): require('...')
#12 /var/www/house-brand/vendor/laravel/framework/src/Illuminate/Filesystem/Filesystem.php(124): Illuminate\\Filesystem\\Filesystem::Illuminate\\Filesystem\\{closure}()
#13 /var/www/house-brand/vendor/laravel/framework/src/Illuminate/View/Engines/PhpEngine.php(58): Illuminate\\Filesystem\\Filesystem->getRequire()
#14 /var/www/house-brand/vendor/laravel/framework/src/Illuminate/View/Engines/CompilerEngine.php(72): Illuminate\\View\\Engines\\PhpEngine->evaluatePath()
#15 /var/www/house-brand/vendor/laravel/framework/src/Illuminate/View/View.php(207): Illuminate\\View\\Engines\\CompilerEngine->get()
#16 /var/www/house-brand/vendor/laravel/framework/src/Illuminate/View/View.php(190): Illuminate\\View\\View->getContents()
#17 /var/www/house-brand/vendor/laravel/framework/src/Illuminate/View/View.php(159): Illuminate\\View\\View->renderContents()
#18 /var/www/house-brand/vendor/laravel/framework/src/Illuminate/Http/Response.php(69): Illuminate\\View\\View->render()
#19 /var/www/house-brand/vendor/laravel/framework/src/Illuminate/Http/Response.php(35): Illuminate\\Http\\Response->setContent()
#20 /var/www/house-brand/vendor/laravel/framework/src/Illuminate/Routing/Router.php(918): Illuminate\\Http\\Response->__construct()
#21 /var/www/house-brand/vendor/laravel/framework/src/Illuminate/Routing/Router.php(885): Illuminate\\Routing\\Router::toResponse()
#22 /var/www/house-brand/vendor/laravel/framework/src/Illuminate/Routing/Router.php(805): Illuminate\\Routing\\Router->prepareResponse()
#23 /var/www/house-brand/vendor/laravel/framework/src/Illuminate/Pipeline/Pipeline.php(144): Illuminate\\Routing\\Router->Illuminate\\Routing\\{closure}()
#24 /var/www/house-brand/app/Http/Middleware/EnsureUserIsSubscribed.php(27): Illuminate\\Pipeline\\Pipeline->Illuminate\\Pipeline\\{closure}()
#25 /var/www/house-brand/vendor/laravel/framework/src/Illuminate/Pipeline/Pipeline.php(183): App\\Http\\Middleware\\EnsureUserIsSubscribed->handle()
#26 /var/www/house-brand/vendor/barryvdh/laravel-debugbar/src/Middleware/InjectDebugbar.php(59): Illuminate\\Pipeline\\Pipeline->Illuminate\\Pipeline\\{closure}()
#27 /var/www/house-brand/vendor/laravel/framework/src/Illuminate/Pipeline/Pipeline.php(183): Barryvdh\\Debugbar\\Middleware\\InjectDebugbar->handle()
#28 /var/www/house-brand/app/Http/Middleware/LanguageMiddleware.php(27): Illuminate\\Pipeline\\Pipeline->Illuminate\\Pipeline\\{closure}()
#29 /var/www/house-brand/vendor/laravel/framework/src/Illuminate/Pipeline/Pipeline.php(183): App\\Http\\Middleware\\LanguageMiddleware->handle()
#30 /var/www/house-brand/vendor/laravel/framework/src/Illuminate/Routing/Middleware/SubstituteBindings.php(50): Illuminate\\Pipeline\\Pipeline->Illuminate\\Pipeline\\{closure}()
#31 /var/www/house-brand/vendor/laravel/framework/src/Illuminate/Pipeline/Pipeline.php(183): Illuminate\\Routing\\Middleware\\SubstituteBindings->handle()
#32 /var/www/house-brand/vendor/laravel/framework/src/Illuminate/Auth/Middleware/Authenticate.php(57): Illuminate\\Pipeline\\Pipeline->Illuminate\\Pipeline\\{closure}()
#33 /var/www/house-brand/vendor/laravel/framework/src/Illuminate/Pipeline/Pipeline.php(183): Illuminate\\Auth\\Middleware\\Authenticate->handle()
#34 /var/www/house-brand/vendor/laravel/framework/src/Illuminate/Foundation/Http/Middleware/VerifyCsrfToken.php(78): Illuminate\\Pipeline\\Pipeline->Illuminate\\Pipeline\\{closure}()
#35 /var/www/house-brand/vendor/laravel/framework/src/Illuminate/Pipeline/Pipeline.php(183): Illuminate\\Foundation\\Http\\Middleware\\VerifyCsrfToken->handle()
#36 /var/www/house-brand/vendor/laravel/framework/src/Illuminate/View/Middleware/ShareErrorsFromSession.php(49): Illuminate\\Pipeline\\Pipeline->Illuminate\\Pipeline\\{closure}()
#37 /var/www/house-brand/vendor/laravel/framework/src/Illuminate/Pipeline/Pipeline.php(183): Illuminate\\View\\Middleware\\ShareErrorsFromSession->handle()
#38 /var/www/house-brand/vendor/laravel/framework/src/Illuminate/Cookie/Middleware/AddQueuedCookiesToResponse.php(37): Illuminate\\Pipeline\\Pipeline->Illuminate\\Pipeline\\{closure}()
#39 /var/www/house-brand/vendor/laravel/framework/src/Illuminate/Pipeline/Pipeline.php(183): Illuminate\\Cookie\\Middleware\\AddQueuedCookiesToResponse->handle()
#40 /var/www/house-brand/vendor/laravel/framework/src/Illuminate/Cookie/Middleware/EncryptCookies.php(67): Illuminate\\Pipeline\\Pipeline->Illuminate\\Pipeline\\{closure}()
#41 /var/www/house-brand/vendor/laravel/framework/src/Illuminate/Pipeline/Pipeline.php(183): Illuminate\\Cookie\\Middleware\\EncryptCookies->handle()
#42 /var/www/house-brand/vendor/laravel/framework/src/Illuminate/Pipeline/Pipeline.php(119): Illuminate\\Pipeline\\Pipeline->Illuminate\\Pipeline\\{closure}()
#43 /var/www/house-brand/vendor/laravel/framework/src/Illuminate/Routing/Router.php(805): Illuminate\\Pipeline\\Pipeline->then()
#44 /var/www/house-brand/vendor/laravel/framework/src/Illuminate/Routing/Router.php(784): Illuminate\\Routing\\Router->runRouteWithinStack()
#45 /var/www/house-brand/vendor/laravel/framework/src/Illuminate/Routing/Router.php(748): Illuminate\\Routing\\Router->runRoute()
#46 /var/www/house-brand/vendor/laravel/framework/src/Illuminate/Routing/Router.php(737): Illuminate\\Routing\\Router->dispatchToRoute()
#47 /var/www/house-brand/vendor/laravel/framework/src/Illuminate/Foundation/Http/Kernel.php(200): Illuminate\\Routing\\Router->dispatch()
#48 /var/www/house-brand/vendor/laravel/framework/src/Illuminate/Pipeline/Pipeline.php(144): Illuminate\\Foundation\\Http\\Kernel->Illuminate\\Foundation\\Http\\{closure}()
#49 /var/www/house-brand/vendor/barryvdh/laravel-debugbar/src/Middleware/InjectDebugbar.php(59): Illuminate\\Pipeline\\Pipeline->Illuminate\\Pipeline\\{closure}()
#50 /var/www/house-brand/vendor/laravel/framework/src/Illuminate/Pipeline/Pipeline.php(183): Barryvdh\\Debugbar\\Middleware\\InjectDebugbar->handle()
#51 /var/www/house-brand/vendor/laravel/framework/src/Illuminate/Session/Middleware/StartSession.php(121): Illuminate\\Pipeline\\Pipeline->Illuminate\\Pipeline\\{closure}()
#52 /var/www/house-brand/vendor/laravel/framework/src/Illuminate/Session/Middleware/StartSession.php(64): Illuminate\\Session\\Middleware\\StartSession->handleStatefulRequest()
#53 /var/www/house-brand/vendor/laravel/framework/src/Illuminate/Pipeline/Pipeline.php(183): Illuminate\\Session\\Middleware\\StartSession->handle()
#54 /var/www/house-brand/vendor/laravel/framework/src/Illuminate/Foundation/Http/Middleware/TransformsRequest.php(21): Illuminate\\Pipeline\\Pipeline->Illuminate\\Pipeline\\{closure}()
#55 /var/www/house-brand/vendor/laravel/framework/src/Illuminate/Foundation/Http/Middleware/ConvertEmptyStringsToNull.php(31): Illuminate\\Foundation\\Http\\Middleware\\TransformsRequest->handle()
#56 /var/www/house-brand/vendor/laravel/framework/src/Illuminate/Pipeline/Pipeline.php(183): Illuminate\\Foundation\\Http\\Middleware\\ConvertEmptyStringsToNull->handle()
#57 /var/www/house-brand/vendor/laravel/framework/src/Illuminate/Foundation/Http/Middleware/TransformsRequest.php(21): Illuminate\\Pipeline\\Pipeline->Illuminate\\Pipeline\\{closure}()
#58 /var/www/house-brand/vendor/laravel/framework/src/Illuminate/Foundation/Http/Middleware/TrimStrings.php(40): Illuminate\\Foundation\\Http\\Middleware\\TransformsRequest->handle()
#59 /var/www/house-brand/vendor/laravel/framework/src/Illuminate/Pipeline/Pipeline.php(183): Illuminate\\Foundation\\Http\\Middleware\\TrimStrings->handle()
#60 /var/www/house-brand/vendor/laravel/framework/src/Illuminate/Foundation/Http/Middleware/ValidatePostSize.php(27): Illuminate\\Pipeline\\Pipeline->Illuminate\\Pipeline\\{closure}()
#61 /var/www/house-brand/vendor/laravel/framework/src/Illuminate/Pipeline/Pipeline.php(183): Illuminate\\Foundation\\Http\\Middleware\\ValidatePostSize->handle()
#62 /var/www/house-brand/vendor/laravel/framework/src/Illuminate/Foundation/Http/Middleware/PreventRequestsDuringMaintenance.php(99): Illuminate\\Pipeline\\Pipeline->Illuminate\\Pipeline\\{closure}()
#63 /var/www/house-brand/vendor/laravel/framework/src/Illuminate/Pipeline/Pipeline.php(183): Illuminate\\Foundation\\Http\\Middleware\\PreventRequestsDuringMaintenance->handle()
#64 /var/www/house-brand/vendor/laravel/framework/src/Illuminate/Http/Middleware/HandleCors.php(49): Illuminate\\Pipeline\\Pipeline->Illuminate\\Pipeline\\{closure}()
#65 /var/www/house-brand/vendor/laravel/framework/src/Illuminate/Pipeline/Pipeline.php(183): Illuminate\\Http\\Middleware\\HandleCors->handle()
#66 /var/www/house-brand/vendor/laravel/framework/src/Illuminate/Http/Middleware/TrustProxies.php(39): Illuminate\\Pipeline\\Pipeline->Illuminate\\Pipeline\\{closure}()
#67 /var/www/house-brand/vendor/laravel/framework/src/Illuminate/Pipeline/Pipeline.php(183): Illuminate\\Http\\Middleware\\TrustProxies->handle()
#68 /var/www/house-brand/vendor/laravel/framework/src/Illuminate/Pipeline/Pipeline.php(119): Illuminate\\Pipeline\\Pipeline->Illuminate\\Pipeline\\{closure}()
#69 /var/www/house-brand/vendor/laravel/framework/src/Illuminate/Foundation/Http/Kernel.php(175): Illuminate\\Pipeline\\Pipeline->then()
#70 /var/www/house-brand/vendor/laravel/framework/src/Illuminate/Foundation/Http/Kernel.php(144): Illuminate\\Foundation\\Http\\Kernel->sendRequestThroughRouter()
#71 /var/www/house-brand/public/index.php(51): Illuminate\\Foundation\\Http\\Kernel->handle()
#72 {main}

[previous exception] [object] (Illuminate\\Database\\QueryException(code: 42000): SQLSTATE[42000]: Syntax error or access violation: 1055 'housebrandsdb.order_statuses.name' isn't in GROUP BY (Connection: mysql, SQL: select `order_statuses`.`name`, `order_statuses`.`color`, COUNT(orders.id) as total from `orders` inner join `order_statuses` on `orders`.`status` = `order_statuses`.`id` group by `status`) at /var/www/house-brand/vendor/laravel/framework/src/Illuminate/Database/Connection.php:829)
[stacktrace]
#0 /var/www/house-brand/vendor/laravel/framework/src/Illuminate/Database/Connection.php(783): Illuminate\\Database\\Connection->runQueryCallback()
#1 /var/www/house-brand/vendor/laravel/framework/src/Illuminate/Database/Connection.php(414): Illuminate\\Database\\Connection->run()
#2 /var/www/house-brand/vendor/laravel/framework/src/Illuminate/Database/Query/Builder.php(2913): Illuminate\\Database\\Connection->select()
#3 /var/www/house-brand/vendor/laravel/framework/src/Illuminate/Database/Query/Builder.php(2902): Illuminate\\Database\\Query\\Builder->runSelect()
#4 /var/www/house-brand/vendor/laravel/framework/src/Illuminate/Database/Query/Builder.php(3456): Illuminate\\Database\\Query\\Builder->Illuminate\\Database\\Query\\{closure}()
#5 /var/www/house-brand/vendor/laravel/framework/src/Illuminate/Database/Query/Builder.php(2901): Illuminate\\Database\\Query\\Builder->onceWithColumns()
#6 /var/www/house-brand/vendor/laravel/framework/src/Illuminate/Database/Eloquent/Builder.php(739): Illuminate\\Database\\Query\\Builder->get()
#7 /var/www/house-brand/vendor/laravel/framework/src/Illuminate/Database/Eloquent/Builder.php(723): Illuminate\\Database\\Eloquent\\Builder->getModels()
#8 /var/www/house-brand/app/View/Components/OderStatusGraph.php(23): Illuminate\\Database\\Eloquent\\Builder->get()
#9 /var/www/house-brand/vendor/laravel/framework/src/Illuminate/View/Component.php(102): App\\View\\Components\\OderStatusGraph->__construct()
#10 /var/www/house-brand/storage/framework/views/c89d2ed91aafc7ed2016ec727864742d.php(83): Illuminate\\View\\Component::resolve()
#11 /var/www/house-brand/vendor/laravel/framework/src/Illuminate/Filesystem/Filesystem.php(123): require('...')
#12 /var/www/house-brand/vendor/laravel/framework/src/Illuminate/Filesystem/Filesystem.php(124): Illuminate\\Filesystem\\Filesystem::Illuminate\\Filesystem\\{closure}()
#13 /var/www/house-brand/vendor/laravel/framework/src/Illuminate/View/Engines/PhpEngine.php(58): Illuminate\\Filesystem\\Filesystem->getRequire()
#14 /var/www/house-brand/vendor/laravel/framework/src/Illuminate/View/Engines/CompilerEngine.php(72): Illuminate\\View\\Engines\\PhpEngine->evaluatePath()
#15 /var/www/house-brand/vendor/laravel/framework/src/Illuminate/View/View.php(207): Illuminate\\View\\Engines\\CompilerEngine->get()
#16 /var/www/house-brand/vendor/laravel/framework/src/Illuminate/View/View.php(190): Illuminate\\View\\View->getContents()
#17 /var/www/house-brand/vendor/laravel/framework/src/Illuminate/View/View.php(159): Illuminate\\View\\View->renderContents()
#18 /var/www/house-brand/vendor/laravel/framework/src/Illuminate/Http/Response.php(69): Illuminate\\View\\View->render()
#19 /var/www/house-brand/vendor/laravel/framework/src/Illuminate/Http/Response.php(35): Illuminate\\Http\\Response->setContent()
#20 /var/www/house-brand/vendor/laravel/framework/src/Illuminate/Routing/Router.php(918): Illuminate\\Http\\Response->__construct()
#21 /var/www/house-brand/vendor/laravel/framework/src/Illuminate/Routing/Router.php(885): Illuminate\\Routing\\Router::toResponse()
#22 /var/www/house-brand/vendor/laravel/framework/src/Illuminate/Routing/Router.php(805): Illuminate\\Routing\\Router->prepareResponse()
#23 /var/www/house-brand/vendor/laravel/framework/src/Illuminate/Pipeline/Pipeline.php(144): Illuminate\\Routing\\Router->Illuminate\\Routing\\{closure}()
#24 /var/www/house-brand/app/Http/Middleware/EnsureUserIsSubscribed.php(27): Illuminate\\Pipeline\\Pipeline->Illuminate\\Pipeline\\{closure}()
#25 /var/www/house-brand/vendor/laravel/framework/src/Illuminate/Pipeline/Pipeline.php(183): App\\Http\\Middleware\\EnsureUserIsSubscribed->handle()
#26 /var/www/house-brand/vendor/barryvdh/laravel-debugbar/src/Middleware/InjectDebugbar.php(59): Illuminate\\Pipeline\\Pipeline->Illuminate\\Pipeline\\{closure}()
#27 /var/www/house-brand/vendor/laravel/framework/src/Illuminate/Pipeline/Pipeline.php(183): Barryvdh\\Debugbar\\Middleware\\InjectDebugbar->handle()
#28 /var/www/house-brand/app/Http/Middleware/LanguageMiddleware.php(27): Illuminate\\Pipeline\\Pipeline->Illuminate\\Pipeline\\{closure}()
#29 /var/www/house-brand/vendor/laravel/framework/src/Illuminate/Pipeline/Pipeline.php(183): App\\Http\\Middleware\\LanguageMiddleware->handle()
#30 /var/www/house-brand/vendor/laravel/framework/src/Illuminate/Routing/Middleware/SubstituteBindings.php(50): Illuminate\\Pipeline\\Pipeline->Illuminate\\Pipeline\\{closure}()
#31 /var/www/house-brand/vendor/laravel/framework/src/Illuminate/Pipeline/Pipeline.php(183): Illuminate\\Routing\\Middleware\\SubstituteBindings->handle()
#32 /var/www/house-brand/vendor/laravel/framework/src/Illuminate/Auth/Middleware/Authenticate.php(57): Illuminate\\Pipeline\\Pipeline->Illuminate\\Pipeline\\{closure}()
#33 /var/www/house-brand/vendor/laravel/framework/src/Illuminate/Pipeline/Pipeline.php(183): Illuminate\\Auth\\Middleware\\Authenticate->handle()
#34 /var/www/house-brand/vendor/laravel/framework/src/Illuminate/Foundation/Http/Middleware/VerifyCsrfToken.php(78): Illuminate\\Pipeline\\Pipeline->Illuminate\\Pipeline\\{closure}()
#35 /var/www/house-brand/vendor/laravel/framework/src/Illuminate/Pipeline/Pipeline.php(183): Illuminate\\Foundation\\Http\\Middleware\\VerifyCsrfToken->handle()
#36 /var/www/house-brand/vendor/laravel/framework/src/Illuminate/View/Middleware/ShareErrorsFromSession.php(49): Illuminate\\Pipeline\\Pipeline->Illuminate\\Pipeline\\{closure}()
#37 /var/www/house-brand/vendor/laravel/framework/src/Illuminate/Pipeline/Pipeline.php(183): Illuminate\\View\\Middleware\\ShareErrorsFromSession->handle()
#38 /var/www/house-brand/vendor/laravel/framework/src/Illuminate/Cookie/Middleware/AddQueuedCookiesToResponse.php(37): Illuminate\\Pipeline\\Pipeline->Illuminate\\Pipeline\\{closure}()
#39 /var/www/house-brand/vendor/laravel/framework/src/Illuminate/Pipeline/Pipeline.php(183): Illuminate\\Cookie\\Middleware\\AddQueuedCookiesToResponse->handle()
#40 /var/www/house-brand/vendor/laravel/framework/src/Illuminate/Cookie/Middleware/EncryptCookies.php(67): Illuminate\\Pipeline\\Pipeline->Illuminate\\Pipeline\\{closure}()
#41 /var/www/house-brand/vendor/laravel/framework/src/Illuminate/Pipeline/Pipeline.php(183): Illuminate\\Cookie\\Middleware\\EncryptCookies->handle()
#42 /var/www/house-brand/vendor/laravel/framework/src/Illuminate/Pipeline/Pipeline.php(119): Illuminate\\Pipeline\\Pipeline->Illuminate\\Pipeline\\{closure}()
#43 /var/www/house-brand/vendor/laravel/framework/src/Illuminate/Routing/Router.php(805): Illuminate\\Pipeline\\Pipeline->then()
#44 /var/www/house-brand/vendor/laravel/framework/src/Illuminate/Routing/Router.php(784): Illuminate\\Routing\\Router->runRouteWithinStack()
#45 /var/www/house-brand/vendor/laravel/framework/src/Illuminate/Routing/Router.php(748): Illuminate\\Routing\\Router->runRoute()
#46 /var/www/house-brand/vendor/laravel/framework/src/Illuminate/Routing/Router.php(737): Illuminate\\Routing\\Router->dispatchToRoute()
#47 /var/www/house-brand/vendor/laravel/framework/src/Illuminate/Foundation/Http/Kernel.php(200): Illuminate\\Routing\\Router->dispatch()
#48 /var/www/house-brand/vendor/laravel/framework/src/Illuminate/Pipeline/Pipeline.php(144): Illuminate\\Foundation\\Http\\Kernel->Illuminate\\Foundation\\Http\\{closure}()
#49 /var/www/house-brand/vendor/barryvdh/laravel-debugbar/src/Middleware/InjectDebugbar.php(59): Illuminate\\Pipeline\\Pipeline->Illuminate\\Pipeline\\{closure}()
#50 /var/www/house-brand/vendor/laravel/framework/src/Illuminate/Pipeline/Pipeline.php(183): Barryvdh\\Debugbar\\Middleware\\InjectDebugbar->handle()
#51 /var/www/house-brand/vendor/laravel/framework/src/Illuminate/Session/Middleware/StartSession.php(121): Illuminate\\Pipeline\\Pipeline->Illuminate\\Pipeline\\{closure}()
#52 /var/www/house-brand/vendor/laravel/framework/src/Illuminate/Session/Middleware/StartSession.php(64): Illuminate\\Session\\Middleware\\StartSession->handleStatefulRequest()
#53 /var/www/house-brand/vendor/laravel/framework/src/Illuminate/Pipeline/Pipeline.php(183): Illuminate\\Session\\Middleware\\StartSession->handle()
#54 /var/www/house-brand/vendor/laravel/framework/src/Illuminate/Foundation/Http/Middleware/TransformsRequest.php(21): Illuminate\\Pipeline\\Pipeline->Illuminate\\Pipeline\\{closure}()
#55 /var/www/house-brand/vendor/laravel/framework/src/Illuminate/Foundation/Http/Middleware/ConvertEmptyStringsToNull.php(31): Illuminate\\Foundation\\Http\\Middleware\\TransformsRequest->handle()
#56 /var/www/house-brand/vendor/laravel/framework/src/Illuminate/Pipeline/Pipeline.php(183): Illuminate\\Foundation\\Http\\Middleware\\ConvertEmptyStringsToNull->handle()
#57 /var/www/house-brand/vendor/laravel/framework/src/Illuminate/Foundation/Http/Middleware/TransformsRequest.php(21): Illuminate\\Pipeline\\Pipeline->Illuminate\\Pipeline\\{closure}()
#58 /var/www/house-brand/vendor/laravel/framework/src/Illuminate/Foundation/Http/Middleware/TrimStrings.php(40): Illuminate\\Foundation\\Http\\Middleware\\TransformsRequest->handle()
#59 /var/www/house-brand/vendor/laravel/framework/src/Illuminate/Pipeline/Pipeline.php(183): Illuminate\\Foundation\\Http\\Middleware\\TrimStrings->handle()
#60 /var/www/house-brand/vendor/laravel/framework/src/Illuminate/Foundation/Http/Middleware/ValidatePostSize.php(27): Illuminate\\Pipeline\\Pipeline->Illuminate\\Pipeline\\{closure}()
#61 /var/www/house-brand/vendor/laravel/framework/src/Illuminate/Pipeline/Pipeline.php(183): Illuminate\\Foundation\\Http\\Middleware\\ValidatePostSize->handle()
#62 /var/www/house-brand/vendor/laravel/framework/src/Illuminate/Foundation/Http/Middleware/PreventRequestsDuringMaintenance.php(99): Illuminate\\Pipeline\\Pipeline->Illuminate\\Pipeline\\{closure}()
#63 /var/www/house-brand/vendor/laravel/framework/src/Illuminate/Pipeline/Pipeline.php(183): Illuminate\\Foundation\\Http\\Middleware\\PreventRequestsDuringMaintenance->handle()
#64 /var/www/house-brand/vendor/laravel/framework/src/Illuminate/Http/Middleware/HandleCors.php(49): Illuminate\\Pipeline\\Pipeline->Illuminate\\Pipeline\\{closure}()
#65 /var/www/house-brand/vendor/laravel/framework/src/Illuminate/Pipeline/Pipeline.php(183): Illuminate\\Http\\Middleware\\HandleCors->handle()
#66 /var/www/house-brand/vendor/laravel/framework/src/Illuminate/Http/Middleware/TrustProxies.php(39): Illuminate\\Pipeline\\Pipeline->Illuminate\\Pipeline\\{closure}()
#67 /var/www/house-brand/vendor/laravel/framework/src/Illuminate/Pipeline/Pipeline.php(183): Illuminate\\Http\\Middleware\\TrustProxies->handle()
#68 /var/www/house-brand/vendor/laravel/framework/src/Illuminate/Pipeline/Pipeline.php(119): Illuminate\\Pipeline\\Pipeline->Illuminate\\Pipeline\\{closure}()
#69 /var/www/house-brand/vendor/laravel/framework/src/Illuminate/Foundation/Http/Kernel.php(175): Illuminate\\Pipeline\\Pipeline->then()
#70 /var/www/house-brand/vendor/laravel/framework/src/Illuminate/Foundation/Http/Kernel.php(144): Illuminate\\Foundation\\Http\\Kernel->sendRequestThroughRouter()
#71 /var/www/house-brand/public/index.php(51): Illuminate\\Foundation\\Http\\Kernel->handle()
#72 {main}

[previous exception] [object] (PDOException(code: 42000): SQLSTATE[42000]: Syntax error or access violation: 1055 'housebrandsdb.order_statuses.name' isn't in GROUP BY at /var/www/house-brand/vendor/laravel/framework/src/Illuminate/Database/Connection.php:423)
[stacktrace]
#0 /var/www/house-brand/vendor/laravel/framework/src/Illuminate/Database/Connection.php(423): PDO->prepare()
#1 /var/www/house-brand/vendor/laravel/framework/src/Illuminate/Database/Connection.php(816): Illuminate\\Database\\Connection->Illuminate\\Database\\{closure}()
#2 /var/www/house-brand/vendor/laravel/framework/src/Illuminate/Database/Connection.php(783): Illuminate\\Database\\Connection->runQueryCallback()
#3 /var/www/house-brand/vendor/laravel/framework/src/Illuminate/Database/Connection.php(414): Illuminate\\Database\\Connection->run()
#4 /var/www/house-brand/vendor/laravel/framework/src/Illuminate/Database/Query/Builder.php(2913): Illuminate\\Database\\Connection->select()
#5 /var/www/house-brand/vendor/laravel/framework/src/Illuminate/Database/Query/Builder.php(2902): Illuminate\\Database\\Query\\Builder->runSelect()
#6 /var/www/house-brand/vendor/laravel/framework/src/Illuminate/Database/Query/Builder.php(3456): Illuminate\\Database\\Query\\Builder->Illuminate\\Database\\Query\\{closure}()
#7 /var/www/house-brand/vendor/laravel/framework/src/Illuminate/Database/Query/Builder.php(2901): Illuminate\\Database\\Query\\Builder->onceWithColumns()
#8 /var/www/house-brand/vendor/laravel/framework/src/Illuminate/Database/Eloquent/Builder.php(739): Illuminate\\Database\\Query\\Builder->get()
#9 /var/www/house-brand/vendor/laravel/framework/src/Illuminate/Database/Eloquent/Builder.php(723): Illuminate\\Database\\Eloquent\\Builder->getModels()
#10 /var/www/house-brand/app/View/Components/OderStatusGraph.php(23): Illuminate\\Database\\Eloquent\\Builder->get()
#11 /var/www/house-brand/vendor/laravel/framework/src/Illuminate/View/Component.php(102): App\\View\\Components\\OderStatusGraph->__construct()
#12 /var/www/house-brand/storage/framework/views/c89d2ed91aafc7ed2016ec727864742d.php(83): Illuminate\\View\\Component::resolve()
#13 /var/www/house-brand/vendor/laravel/framework/src/Illuminate/Filesystem/Filesystem.php(123): require('...')
#14 /var/www/house-brand/vendor/laravel/framework/src/Illuminate/Filesystem/Filesystem.php(124): Illuminate\\Filesystem\\Filesystem::Illuminate\\Filesystem\\{closure}()
#15 /var/www/house-brand/vendor/laravel/framework/src/Illuminate/View/Engines/PhpEngine.php(58): Illuminate\\Filesystem\\Filesystem->getRequire()
#16 /var/www/house-brand/vendor/laravel/framework/src/Illuminate/View/Engines/CompilerEngine.php(72): Illuminate\\View\\Engines\\PhpEngine->evaluatePath()
#17 /var/www/house-brand/vendor/laravel/framework/src/Illuminate/View/View.php(207): Illuminate\\View\\Engines\\CompilerEngine->get()
#18 /var/www/house-brand/vendor/laravel/framework/src/Illuminate/View/View.php(190): Illuminate\\View\\View->getContents()
#19 /var/www/house-brand/vendor/laravel/framework/src/Illuminate/View/View.php(159): Illuminate\\View\\View->renderContents()
#20 /var/www/house-brand/vendor/laravel/framework/src/Illuminate/Http/Response.php(69): Illuminate\\View\\View->render()
#21 /var/www/house-brand/vendor/laravel/framework/src/Illuminate/Http/Response.php(35): Illuminate\\Http\\Response->setContent()
#22 /var/www/house-brand/vendor/laravel/framework/src/Illuminate/Routing/Router.php(918): Illuminate\\Http\\Response->__construct()
#23 /var/www/house-brand/vendor/laravel/framework/src/Illuminate/Routing/Router.php(885): Illuminate\\Routing\\Router::toResponse()
#24 /var/www/house-brand/vendor/laravel/framework/src/Illuminate/Routing/Router.php(805): Illuminate\\Routing\\Router->prepareResponse()
#25 /var/www/house-brand/vendor/laravel/framework/src/Illuminate/Pipeline/Pipeline.php(144): Illuminate\\Routing\\Router->Illuminate\\Routing\\{closure}()
#26 /var/www/house-brand/app/Http/Middleware/EnsureUserIsSubscribed.php(27): Illuminate\\Pipeline\\Pipeline->Illuminate\\Pipeline\\{closure}()
#27 /var/www/house-brand/vendor/laravel/framework/src/Illuminate/Pipeline/Pipeline.php(183): App\\Http\\Middleware\\EnsureUserIsSubscribed->handle()
#28 /var/www/house-brand/vendor/barryvdh/laravel-debugbar/src/Middleware/InjectDebugbar.php(59): Illuminate\\Pipeline\\Pipeline->Illuminate\\Pipeline\\{closure}()
#29 /var/www/house-brand/vendor/laravel/framework/src/Illuminate/Pipeline/Pipeline.php(183): Barryvdh\\Debugbar\\Middleware\\InjectDebugbar->handle()
#30 /var/www/house-brand/app/Http/Middleware/LanguageMiddleware.php(27): Illuminate\\Pipeline\\Pipeline->Illuminate\\Pipeline\\{closure}()
#31 /var/www/house-brand/vendor/laravel/framework/src/Illuminate/Pipeline/Pipeline.php(183): App\\Http\\Middleware\\LanguageMiddleware->handle()
#32 /var/www/house-brand/vendor/laravel/framework/src/Illuminate/Routing/Middleware/SubstituteBindings.php(50): Illuminate\\Pipeline\\Pipeline->Illuminate\\Pipeline\\{closure}()
#33 /var/www/house-brand/vendor/laravel/framework/src/Illuminate/Pipeline/Pipeline.php(183): Illuminate\\Routing\\Middleware\\SubstituteBindings->handle()
#34 /var/www/house-brand/vendor/laravel/framework/src/Illuminate/Auth/Middleware/Authenticate.php(57): Illuminate\\Pipeline\\Pipeline->Illuminate\\Pipeline\\{closure}()
#35 /var/www/house-brand/vendor/laravel/framework/src/Illuminate/Pipeline/Pipeline.php(183): Illuminate\\Auth\\Middleware\\Authenticate->handle()
#36 /var/www/house-brand/vendor/laravel/framework/src/Illuminate/Foundation/Http/Middleware/VerifyCsrfToken.php(78): Illuminate\\Pipeline\\Pipeline->Illuminate\\Pipeline\\{closure}()
#37 /var/www/house-brand/vendor/laravel/framework/src/Illuminate/Pipeline/Pipeline.php(183): Illuminate\\Foundation\\Http\\Middleware\\VerifyCsrfToken->handle()
#38 /var/www/house-brand/vendor/laravel/framework/src/Illuminate/View/Middleware/ShareErrorsFromSession.php(49): Illuminate\\Pipeline\\Pipeline->Illuminate\\Pipeline\\{closure}()
#39 /var/www/house-brand/vendor/laravel/framework/src/Illuminate/Pipeline/Pipeline.php(183): Illuminate\\View\\Middleware\\ShareErrorsFromSession->handle()
#40 /var/www/house-brand/vendor/laravel/framework/src/Illuminate/Cookie/Middleware/AddQueuedCookiesToResponse.php(37): Illuminate\\Pipeline\\Pipeline->Illuminate\\Pipeline\\{closure}()
#41 /var/www/house-brand/vendor/laravel/framework/src/Illuminate/Pipeline/Pipeline.php(183): Illuminate\\Cookie\\Middleware\\AddQueuedCookiesToResponse->handle()
#42 /var/www/house-brand/vendor/laravel/framework/src/Illuminate/Cookie/Middleware/EncryptCookies.php(67): Illuminate\\Pipeline\\Pipeline->Illuminate\\Pipeline\\{closure}()
#43 /var/www/house-brand/vendor/laravel/framework/src/Illuminate/Pipeline/Pipeline.php(183): Illuminate\\Cookie\\Middleware\\EncryptCookies->handle()
#44 /var/www/house-brand/vendor/laravel/framework/src/Illuminate/Pipeline/Pipeline.php(119): Illuminate\\Pipeline\\Pipeline->Illuminate\\Pipeline\\{closure}()
#45 /var/www/house-brand/vendor/laravel/framework/src/Illuminate/Routing/Router.php(805): Illuminate\\Pipeline\\Pipeline->then()
#46 /var/www/house-brand/vendor/laravel/framework/src/Illuminate/Routing/Router.php(784): Illuminate\\Routing\\Router->runRouteWithinStack()
#47 /var/www/house-brand/vendor/laravel/framework/src/Illuminate/Routing/Router.php(748): Illuminate\\Routing\\Router->runRoute()
#48 /var/www/house-brand/vendor/laravel/framework/src/Illuminate/Routing/Router.php(737): Illuminate\\Routing\\Router->dispatchToRoute()
#49 /var/www/house-brand/vendor/laravel/framework/src/Illuminate/Foundation/Http/Kernel.php(200): Illuminate\\Routing\\Router->dispatch()
#50 /var/www/house-brand/vendor/laravel/framework/src/Illuminate/Pipeline/Pipeline.php(144): Illuminate\\Foundation\\Http\\Kernel->Illuminate\\Foundation\\Http\\{closure}()
#51 /var/www/house-brand/vendor/barryvdh/laravel-debugbar/src/Middleware/InjectDebugbar.php(59): Illuminate\\Pipeline\\Pipeline->Illuminate\\Pipeline\\{closure}()
#52 /var/www/house-brand/vendor/laravel/framework/src/Illuminate/Pipeline/Pipeline.php(183): Barryvdh\\Debugbar\\Middleware\\InjectDebugbar->handle()
#53 /var/www/house-brand/vendor/laravel/framework/src/Illuminate/Session/Middleware/StartSession.php(121): Illuminate\\Pipeline\\Pipeline->Illuminate\\Pipeline\\{closure}()
#54 /var/www/house-brand/vendor/laravel/framework/src/Illuminate/Session/Middleware/StartSession.php(64): Illuminate\\Session\\Middleware\\StartSession->handleStatefulRequest()
#55 /var/www/house-brand/vendor/laravel/framework/src/Illuminate/Pipeline/Pipeline.php(183): Illuminate\\Session\\Middleware\\StartSession->handle()
#56 /var/www/house-brand/vendor/laravel/framework/src/Illuminate/Foundation/Http/Middleware/TransformsRequest.php(21): Illuminate\\Pipeline\\Pipeline->Illuminate\\Pipeline\\{closure}()
#57 /var/www/house-brand/vendor/laravel/framework/src/Illuminate/Foundation/Http/Middleware/ConvertEmptyStringsToNull.php(31): Illuminate\\Foundation\\Http\\Middleware\\TransformsRequest->handle()
#58 /var/www/house-brand/vendor/laravel/framework/src/Illuminate/Pipeline/Pipeline.php(183): Illuminate\\Foundation\\Http\\Middleware\\ConvertEmptyStringsToNull->handle()
#59 /var/www/house-brand/vendor/laravel/framework/src/Illuminate/Foundation/Http/Middleware/TransformsRequest.php(21): Illuminate\\Pipeline\\Pipeline->Illuminate\\Pipeline\\{closure}()
#60 /var/www/house-brand/vendor/laravel/framework/src/Illuminate/Foundation/Http/Middleware/TrimStrings.php(40): Illuminate\\Foundation\\Http\\Middleware\\TransformsRequest->handle()
#61 /var/www/house-brand/vendor/laravel/framework/src/Illuminate/Pipeline/Pipeline.php(183): Illuminate\\Foundation\\Http\\Middleware\\TrimStrings->handle()
#62 /var/www/house-brand/vendor/laravel/framework/src/Illuminate/Foundation/Http/Middleware/ValidatePostSize.php(27): Illuminate\\Pipeline\\Pipeline->Illuminate\\Pipeline\\{closure}()
#63 /var/www/house-brand/vendor/laravel/framework/src/Illuminate/Pipeline/Pipeline.php(183): Illuminate\\Foundation\\Http\\Middleware\\ValidatePostSize->handle()
#64 /var/www/house-brand/vendor/laravel/framework/src/Illuminate/Foundation/Http/Middleware/PreventRequestsDuringMaintenance.php(99): Illuminate\\Pipeline\\Pipeline->Illuminate\\Pipeline\\{closure}()
#65 /var/www/house-brand/vendor/laravel/framework/src/Illuminate/Pipeline/Pipeline.php(183): Illuminate\\Foundation\\Http\\Middleware\\PreventRequestsDuringMaintenance->handle()
#66 /var/www/house-brand/vendor/laravel/framework/src/Illuminate/Http/Middleware/HandleCors.php(49): Illuminate\\Pipeline\\Pipeline->Illuminate\\Pipeline\\{closure}()
#67 /var/www/house-brand/vendor/laravel/framework/src/Illuminate/Pipeline/Pipeline.php(183): Illuminate\\Http\\Middleware\\HandleCors->handle()
#68 /var/www/house-brand/vendor/laravel/framework/src/Illuminate/Http/Middleware/TrustProxies.php(39): Illuminate\\Pipeline\\Pipeline->Illuminate\\Pipeline\\{closure}()
#69 /var/www/house-brand/vendor/laravel/framework/src/Illuminate/Pipeline/Pipeline.php(183): Illuminate\\Http\\Middleware\\TrustProxies->handle()
#70 /var/www/house-brand/vendor/laravel/framework/src/Illuminate/Pipeline/Pipeline.php(119): Illuminate\\Pipeline\\Pipeline->Illuminate\\Pipeline\\{closure}()
#71 /var/www/house-brand/vendor/laravel/framework/src/Illuminate/Foundation/Http/Kernel.php(175): Illuminate\\Pipeline\\Pipeline->then()
#72 /var/www/house-brand/vendor/laravel/framework/src/Illuminate/Foundation/Http/Kernel.php(144): Illuminate\\Foundation\\Http\\Kernel->sendRequestThroughRouter()
#73 /var/www/house-brand/public/index.php(51): Illuminate\\Foundation\\Http\\Kernel->handle()
#74 {main}
"} 
[2026-10-01 05:41:33] production.ERROR: Error in getFilePath: Unable to check existence for: uploads/designer/1/icon/6978b7329a0c4.webp  
[2026-10-01 05:41:33] production.ERROR: Error in getFilePath: Unable to check existence for: uploads/background-settings/677d073563029.webp  
[2026-10-01 05:41:33] production.ERROR: Error in getFilePath: Unable to check existence for: uploads/designer/1/icon/6978b72e00a44.webp  
[2026-10-01 05:41:45] production.ERROR: Error in getFilePath: Unable to check existence for: uploads/products/131/682468b9b28bc.webp  
[2026-10-01 05:41:45] production.ERROR: Error in getFilePath: Unable to check existence for: uploads/products/166/68c005b0a6ccb.webp  
[2026-10-01 05:41:45] production.ERROR: Error in getFilePath: Unable to check existence for: uploads/products/130/68246860c9a63.webp  
[2026-10-01 05:41:46] production.ERROR: Error in getFilePath: Unable to check existence for: uploads/products/31/67923189b7aac.webp  
[2026-10-01 05:41:46] production.ERROR: Error in getFilePath: Unable to check existence for: uploads/products/132/68343ee4e292a.webp  
[2026-10-01 05:41:46] production.ERROR: Error in getFilePath: Unable to check existence for: uploads/designer/1/icon/6978b72e00a44.webp  
[2026-10-01 05:41:46] production.ERROR: Error in getFilePath: Unable to check existence for: uploads/designer/1/icon/6978b7329a0c4.webp  
[2026-10-01 05:41:46] production.ERROR: Error in getFilePath: Unable to check existence for: uploads/designer/1/icon/6978b73053908.webp  
[2026-10-01 05:41:46] production.ERROR: Error in getFilePath: Unable to check existence for: uploads/designer/1/icon/695cee595a4dc.gif  
[2026-10-01 05:41:46] production.ERROR: Error in getFilePath: Unable to check existence for: uploads/designer/1/icon/6978b7329a0c4.webp  
[2026-10-01 05:41:46] production.ERROR: Error in getFilePath: Unable to check existence for: uploads/designer/1/icon/695cee595a4dc.gif  
[2026-10-01 05:41:46] production.ERROR: Error in getFilePath: Unable to check existence for: uploads/designer/1/icon/6978b72e00a44.webp  
[2026-10-01 05:41:47] production.ERROR: Error in getFilePath: Unable to check existence for: uploads/user/677d0854cba9d.webp  
[2026-10-01 05:41:47] production.ERROR: Error in getFilePath: Unable to check existence for: uploads/user/677d0854cba9d.webp  
[2026-10-01 05:41:50] production.ERROR: Error in getFilePath: Unable to check existence for: uploads/products/131/682468b9b28bc.webp  
[2026-10-01 05:41:50] production.ERROR: Error in getFilePath: Unable to check existence for: uploads/products/166/68c005b0a6ccb.webp  
[2026-10-01 05:41:50] production.ERROR: Error in getFilePath: Unable to check existence for: uploads/products/130/68246860c9a63.webp  
[2026-10-01 05:41:51] production.ERROR: Error in getFilePath: Unable to check existence for: uploads/products/31/67923189b7aac.webp  
[2026-10-01 05:41:51] production.ERROR: Error in getFilePath: Unable to check existence for: uploads/products/132/68343ee4e292a.webp  
[2026-10-01 05:41:51] production.ERROR: Error in getFilePath: Unable to check existence for: uploads/designer/1/icon/6978b72e00a44.webp  
[2026-10-01 05:41:51] production.ERROR: Error in getFilePath: Unable to check existence for: uploads/designer/1/icon/6978b7329a0c4.webp  
[2026-10-01 05:41:51] production.ERROR: Error in getFilePath: Unable to check existence for: uploads/designer/1/icon/6978b73053908.webp  
[2026-10-01 05:41:51] production.ERROR: Error in getFilePath: Unable to check existence for: uploads/designer/1/icon/695cee595a4dc.gif  
[2026-10-01 05:41:51] production.ERROR: Error in getFilePath: Unable to check existence for: uploads/designer/1/icon/6978b7329a0c4.webp  
[2026-10-01 05:41:51] production.ERROR: Error in getFilePath: Unable to check existence for: uploads/designer/1/icon/695cee595a4dc.gif  
[2026-10-01 05:41:51] production.ERROR: Error in getFilePath: Unable to check existence for: uploads/designer/1/icon/6978b72e00a44.webp  
[2026-10-01 05:41:51] production.ERROR: Error in getFilePath: Unable to check existence for: uploads/user/677d0854cba9d.webp  
[2026-10-01 05:41:52] production.ERROR: Error in getFilePath: Unable to check existence for: uploads/user/677d0854cba9d.webp  
[2026-10-01 05:41:58] production.ERROR: Error in getFilePath: Unable to check existence for: uploads/products/131/682468b9b28bc.webp  
[2026-10-01 05:41:58] production.ERROR: Error in getFilePath: Unable to check existence for: uploads/products/166/68c005b0a6ccb.webp  
[2026-10-01 05:41:58] production.ERROR: Error in getFilePath: Unable to check existence for: uploads/products/130/68246860c9a63.webp  
[2026-10-01 05:41:58] production.ERROR: Error in getFilePath: Unable to check existence for: uploads/products/31/67923189b7aac.webp  
[2026-10-01 05:41:58] production.ERROR: Error in getFilePath: Unable to check existence for: uploads/products/132/68343ee4e292a.webp  
[2026-10-01 05:41:58] production.ERROR: Error in getFilePath: Unable to check existence for: uploads/designer/1/icon/6978b72e00a44.webp  
[2026-10-01 05:41:58] production.ERROR: Error in getFilePath: Unable to check existence for: uploads/designer/1/icon/6978b7329a0c4.webp  
[2026-10-01 05:41:58] production.ERROR: Error in getFilePath: Unable to check existence for: uploads/designer/1/icon/6978b73053908.webp  
[2026-10-01 05:41:58] production.ERROR: Error in getFilePath: Unable to check existence for: uploads/designer/1/icon/695cee595a4dc.gif  
[2026-10-01 05:41:58] production.ERROR: Error in getFilePath: Unable to check existence for: uploads/designer/1/icon/6978b7329a0c4.webp  
[2026-10-01 05:41:59] production.ERROR: Error in getFilePath: Unable to check existence for: uploads/designer/1/icon/695cee595a4dc.gif  
[2026-10-01 05:41:59] production.ERROR: Error in getFilePath: Unable to check existence for: uploads/designer/1/icon/6978b72e00a44.webp  
[2026-10-01 05:41:59] production.ERROR: Error in getFilePath: Unable to check existence for: uploads/user/677d0854cba9d.webp  
[2026-10-01 05:41:59] production.ERROR: Error in getFilePath: Unable to check existence for: uploads/user/677d0854cba9d.webp  
[2026-10-01 05:42:29] production.ERROR: Error in getFilePath: Unable to check existence for: uploads/designer/1/icon/6978b7329a0c4.webp  
[2026-10-01 05:42:29] production.ERROR: Error in getFilePath: Unable to check existence for: uploads/background-settings/677d073563029.webp  
[2026-10-01 05:42:29] production.ERROR: Error in getFilePath: Unable to check existence for: uploads/designer/1/icon/6978b72e00a44.webp  
[2026-10-01 05:42:30] production.ERROR: Error in getFilePath: Unable to check existence for: uploads/designer/1/icon/6978b7329a0c4.webp  
[2026-10-01 05:42:30] production.ERROR: Error in getFilePath: Unable to check existence for: uploads/designer/1/icon/695cee595a4dc.gif  
[2026-10-01 05:42:31] production.ERROR: Error in getFilePath: Unable to check existence for: uploads/designer/1/icon/6978b7329a0c4.webp  
[2026-10-01 05:42:31] production.ERROR: Error in getFilePath: Unable to check existence for: uploads/designer/1/icon/695cee595a4dc.gif  
[2026-10-01 05:42:32] production.ERROR: Error in getFilePath: Unable to check existence for: uploads/designer/1/icon/6978b7329a0c4.webp  
[2026-10-01 05:42:32] production.ERROR: Error in getFilePath: Unable to check existence for: uploads/designer/1/icon/695cee595a4dc.gif  
[2026-10-01 05:44:14] production.ERROR: Error in getFilePath: Unable to check existence for: uploads/designer/1/icon/6978b7329a0c4.webp  
[2026-10-01 05:44:15] production.ERROR: Error in getFilePath: Unable to check existence for: uploads/designer/1/icon/695cee595a4dc.gif  
[2026-10-01 05:44:15] production.ERROR: Error in getFilePath: Unable to check existence for: uploads/designer/1/icon/6978b72e00a44.webp  
[2026-10-01 05:44:15] production.ERROR: Error in getFilePath: Unable to check existence for: uploads/user/677d0854cba9d.webp  
[2026-10-01 05:44:15] production.ERROR: Error in getFilePath: Unable to check existence for: uploads/user/677d0854cba9d.webp  
[2026-10-01 05:44:17] production.ERROR: Error in getFilePath: Unable to check existence for: uploads/products/demo-product/699802106400b.webp  
[2026-10-01 05:44:17] production.ERROR: Error in getFilePath: Unable to check existence for: uploads/products/demo-product/699802102687b.webp  
[2026-10-01 05:44:17] production.ERROR: Error in getFilePath: Unable to check existence for: uploads/products/demo-product/6998020fe48bc.webp  
[2026-10-01 05:44:17] production.ERROR: Error in getFilePath: Unable to check existence for: uploads/products/demo-product/6998020fa8b83.webp  
[2026-10-01 05:44:17] production.ERROR: Error in getFilePath: Unable to check existence for: uploads/products/194/693be64f5378a.webp  
[2026-10-01 05:44:17] production.ERROR: Error in getFilePath: Unable to check existence for: uploads/products/191/693ac39e0c00e.webp  
[2026-10-01 05:44:17] production.ERROR: Error in getFilePath: Unable to check existence for: uploads/products/187/6926fe954c47d.webp  
[2026-10-01 05:44:17] production.ERROR: Error in getFilePath: Unable to check existence for: uploads/products/186/6926fdaa2c242.webp  
[2026-10-01 05:44:17] production.ERROR: Error in getFilePath: Unable to check existence for: uploads/products/185/6926fb9def28a.webp  
[2026-10-01 05:44:17] production.ERROR: Error in getFilePath: Unable to check existence for: uploads/products/184/6926fa7f41768.webp  
[2026-10-01 05:45:20] production.ERROR: Error in getFilePath: Unable to check existence for: uploads/designer/1/icon/6978b7329a0c4.webp  
[2026-10-01 05:45:21] production.ERROR: Error in getFilePath: Unable to check existence for: uploads/background-settings/677d073563029.webp  
[2026-10-01 05:45:21] production.ERROR: Error in getFilePath: Unable to check existence for: uploads/designer/1/icon/6978b72e00a44.webp  
[2026-10-01 05:45:23] production.ERROR: Error in getFilePath: Unable to check existence for: uploads/designer/1/icon/6978b7329a0c4.webp  
[2026-10-01 05:45:23] production.ERROR: Error in getFilePath: Unable to check existence for: uploads/background-settings/677d073563029.webp  
[2026-10-01 05:45:23] production.ERROR: Error in getFilePath: Unable to check existence for: uploads/designer/1/icon/6978b72e00a44.webp  
[2026-10-01 05:45:26] production.ERROR: Error in getFilePath: Unable to check existence for: uploads/designer/1/icon/6978b7329a0c4.webp  
[2026-10-01 05:45:26] production.ERROR: Error in getFilePath: Unable to check existence for: uploads/background-settings/677d073563029.webp  
[2026-10-01 05:45:26] production.ERROR: Error in getFilePath: Unable to check existence for: uploads/designer/1/icon/6978b72e00a44.webp  
[2026-10-01 05:54:05] production.ERROR: Error in getFilePath: Unable to check existence for: uploads/designer/1/icon/6978b7329a0c4.webp  
[2026-10-01 05:54:05] production.ERROR: Error in getFilePath: Unable to check existence for: uploads/background-settings/677d073563029.webp  
[2026-10-01 05:54:05] production.ERROR: Error in getFilePath: Unable to check existence for: uploads/designer/1/icon/6978b72e00a44.webp  
[2026-10-01 05:54:26] production.ERROR: Error in getFilePath: Unable to check existence for: uploads/designer/1/icon/6978b7329a0c4.webp  
[2026-10-01 05:54:26] production.ERROR: Error in getFilePath: Unable to check existence for: uploads/background-settings/677d073563029.webp  
[2026-10-01 05:54:26] production.ERROR: Error in getFilePath: Unable to check existence for: uploads/designer/1/icon/6978b72e00a44.webp  
[2026-10-01 05:55:29] production.ERROR: Error in getFilePath: Unable to check existence for: uploads/designer/1/icon/6978b7329a0c4.webp  
[2026-10-01 05:55:29] production.ERROR: Error in getFilePath: Unable to check existence for: uploads/background-settings/677d073563029.webp  
[2026-10-01 05:55:30] production.ERROR: Error in getFilePath: Unable to check existence for: uploads/designer/1/icon/6978b72e00a44.webp  
[2026-10-01 05:59:14] production.ERROR: Error in getFilePath: Unable to check existence for: uploads/designer/1/icon/6978b7329a0c4.webp  
[2026-10-01 05:59:14] production.ERROR: Error in getFilePath: Unable to check existence for: uploads/background-settings/677d073563029.webp  
[2026-10-01 05:59:14] production.ERROR: Error in getFilePath: Unable to check existence for: uploads/designer/1/icon/6978b72e00a44.webp  
[2026-10-01 06:02:38] production.ERROR: Error in getFilePath: Unable to check existence for: uploads/designer/1/icon/6978b72e00a44.webp  
[2026-10-01 06:02:38] production.ERROR: Error in getFilePath: Unable to check existence for: uploads/designer/1/icon/6978b72e00a44.webp  
[2026-10-01 06:02:38] production.ERROR: Error in getFilePath: Unable to check existence for: uploads/designer/1/icon/6978b7329a0c4.webp  
[2026-10-01 06:02:38] production.ERROR: Error in getFilePath: Unable to check existence for: uploads/designer/1/icon/6978b7329a0c4.webp  
[2026-10-01 06:02:38] production.ERROR: Error in getFilePath: Unable to check existence for: uploads/designer/1/icon/6978b72e00a44.webp  
[2026-10-01 06:02:39] production.ERROR: Error in getFilePath: Unable to check existence for: uploads/designer/1/icon/695cee595a4dc.gif  
[2026-10-01 06:02:39] production.ERROR: Error in getFilePath: Unable to check existence for: uploads/designer/1/icon/695cee595a4dc.gif  
[2026-10-01 06:02:39] production.ERROR: Error in getFilePath: Unable to check existence for: uploads/designer/1/icon/6978b7329a0c4.webp  
[2026-10-01 06:02:39] production.ERROR: Error in getFilePath: Unable to check existence for: uploads/designer/1/icon/6978b73053908.webp  
[2026-10-01 06:02:39] production.ERROR: Error in getFilePath: Unable to check existence for: uploads/designer/1/icon/6978b73053908.webp  
[2026-10-01 06:02:39] production.ERROR: Error in getFilePath: Unable to check existence for: uploads/designer/1/icon/695cee595a4dc.gif  
[2026-10-01 06:02:39] production.ERROR: Error in getFilePath: Unable to check existence for: uploads/designer/1/icon/6978b73053908.webp  
[2026-10-01 06:02:40] production.ERROR: Error in getFilePath: Unable to check existence for: uploads/slider/690b58852fde5.png  
[2026-10-01 06:02:40] production.ERROR: Error in getFilePath: Unable to check existence for: uploads/slider/68821fb53e554.jpg  
[2026-10-01 06:02:40] production.ERROR: Error in getFilePath: Unable to check existence for: uploads/slider/690b584ea956d.png  
[2026-10-01 06:02:40] production.ERROR: Error in getFilePath: Unable to check existence for: uploads/products/176/6926e7598d91a.webp  
[2026-10-01 06:02:40] production.ERROR: Error in getFilePath: Unable to check existence for: uploads/products/176/6926e7598d91a.webp  
[2026-10-01 06:02:40] production.ERROR: Error in getFilePath: Unable to check existence for: uploads/slider/690b58d17005f.png  
[2026-10-01 06:02:40] production.ERROR: Error in getFilePath: Unable to check existence for: uploads/products/176/6926e759eae37.webp  
[2026-10-01 06:02:40] production.ERROR: Error in getFilePath: Unable to check existence for: uploads/products/176/6926e75a36c02.webp  
[2026-10-01 06:02:40] production.ERROR: Error in getFilePath: Unable to check existence for: uploads/products/176/6926e75a78fec.webp  
[2026-10-01 06:02:40] production.ERROR: Error in getFilePath: Unable to check existence for: uploads/products/175/6926e5370322f.webp  
[2026-10-01 06:02:41] production.ERROR: Error in getFilePath: Unable to check existence for: uploads/products/175/6926e5370322f.webp  
[2026-10-01 06:02:41] production.ERROR: Error in getFilePath: Unable to check existence for: uploads/products/175/6926e537847ac.webp  
[2026-10-01 06:02:41] production.ERROR: Error in getFilePath: Unable to check existence for: uploads/products/175/6926e538057b6.webp  
[2026-10-01 06:02:41] production.ERROR: Error in getFilePath: Unable to check existence for: uploads/products/174/6926e324f3b62.webp  
[2026-10-01 06:02:41] production.ERROR: Error in getFilePath: Unable to check existence for: uploads/products/174/6926e324f3b62.webp  
[2026-10-01 06:02:41] production.ERROR: Error in getFilePath: Unable to check existence for: uploads/products/174/6926e325795a7.webp  
[2026-10-01 06:02:41] production.ERROR: Error in getFilePath: Unable to check existence for: uploads/products/174/6926e325de3cd.webp  
[2026-10-01 06:02:41] production.ERROR: Error in getFilePath: Unable to check existence for: uploads/products/174/6926e3264ef27.webp  
[2026-10-01 06:02:41] production.ERROR: Error in getFilePath: Unable to check existence for: uploads/products/174/6926e326b0222.webp  
[2026-10-01 06:02:41] production.ERROR: Error in getFilePath: Unable to check existence for: uploads/products/173/6926db5eb188f.webp  
[2026-10-01 06:02:42] production.ERROR: Error in getFilePath: Unable to check existence for: uploads/products/173/6926db5eb188f.webp  
[2026-10-01 06:02:42] production.ERROR: Error in getFilePath: Unable to check existence for: uploads/products/173/692700e3f321e.webp  
[2026-10-01 06:02:42] production.ERROR: Error in getFilePath: Unable to check existence for: uploads/products/173/692700e493673.webp  
[2026-10-01 06:02:42] production.ERROR: Error in getFilePath: Unable to check existence for: uploads/products/177/6926ed26c8418.webp  
[2026-10-01 06:02:42] production.ERROR: Error in getFilePath: Unable to check existence for: uploads/products/177/6926ed26c8418.webp  
[2026-10-01 06:02:42] production.ERROR: Error in getFilePath: Unable to check existence for: uploads/products/177/6926ed272b096.webp  
[2026-10-01 06:02:42] production.ERROR: Error in getFilePath: Unable to check existence for: uploads/products/177/6926ed2769fa7.webp  
[2026-10-01 06:02:42] production.ERROR: Error in getFilePath: Unable to check existence for: uploads/products/178/6926f0e3b6fae.webp  
[2026-10-01 06:02:42] production.ERROR: Error in getFilePath: Unable to check existence for: uploads/products/178/6926f0e3b6fae.webp  
[2026-10-01 06:02:42] production.ERROR: Error in getFilePath: Unable to check existence for: uploads/products/178/6926f0e414ebd.webp  
[2026-10-01 06:02:43] production.ERROR: Error in getFilePath: Unable to check existence for: uploads/products/178/6926f0e447776.webp  
[2026-10-01 06:02:43] production.ERROR: Error in getFilePath: Unable to check existence for: uploads/products/178/6926f0e47a9de.webp  
[2026-10-01 06:02:43] production.ERROR: Error in getFilePath: Unable to check existence for: uploads/slider/688225ec41e15.jpg  
[2026-10-01 06:02:43] production.ERROR: Error in getFilePath: Unable to check existence for: uploads/products/186/6926fdaa2c242.webp  
[2026-10-01 06:02:43] production.ERROR: Error in getFilePath: Unable to check existence for: uploads/products/186/6926fdaa2c242.webp  
[2026-10-01 06:02:43] production.ERROR: Error in getFilePath: Unable to check existence for: uploads/products/186/6926fdaab7959.webp  
[2026-10-01 06:02:43] production.ERROR: Error in getFilePath: Unable to check existence for: uploads/products/186/6926fdab402a1.webp  
[2026-10-01 06:02:43] production.ERROR: Error in getFilePath: Unable to check existence for: uploads/products/186/6926fdabad7a0.webp  
[2026-10-01 06:02:43] production.ERROR: Error in getFilePath: Unable to check existence for: uploads/products/185/6926fb9def28a.webp  
[2026-10-01 06:02:44] production.ERROR: Error in getFilePath: Unable to check existence for: uploads/products/185/6926fb9def28a.webp  
[2026-10-01 06:02:44] production.ERROR: Error in getFilePath: Unable to check existence for: uploads/products/185/6926fb9e7f2d4.webp  
[2026-10-01 06:02:44] production.ERROR: Error in getFilePath: Unable to check existence for: uploads/products/185/6926fb9eea2a7.webp  
[2026-10-01 06:02:44] production.ERROR: Error in getFilePath: Unable to check existence for: uploads/products/180/6926f8343bc20.webp  
[2026-10-01 06:02:44] production.ERROR: Error in getFilePath: Unable to check existence for: uploads/products/180/6926f8343bc20.webp  
[2026-10-01 06:02:44] production.ERROR: Error in getFilePath: Unable to check existence for: uploads/products/180/6927009cadb05.webp  
[2026-10-01 06:02:44] production.ERROR: Error in getFilePath: Unable to check existence for: uploads/products/180/6927009d16d29.webp  
[2026-10-01 06:02:44] production.ERROR: Error in getFilePath: Unable to check existence for: uploads/products/179/6926f6ed34581.webp  
[2026-10-01 06:02:44] production.ERROR: Error in getFilePath: Unable to check existence for: uploads/products/179/6926f6ed34581.webp  
[2026-10-01 06:02:44] production.ERROR: Error in getFilePath: Unable to check existence for: uploads/products/179/6926f6eddfcd3.webp  
[2026-10-01 06:02:45] production.ERROR: Error in getFilePath: Unable to check existence for: uploads/products/179/6926f6ee8a58f.webp  
[2026-10-01 06:02:45] production.ERROR: Error in getFilePath: Unable to check existence for: uploads/products/179/6926f6ef3c00c.webp  
[2026-10-01 06:02:45] production.ERROR: Error in getFilePath: Unable to check existence for: uploads/products/182/6926f9836ff3a.webp  
[2026-10-01 06:02:45] production.ERROR: Error in getFilePath: Unable to check existence for: uploads/products/182/6926f9836ff3a.webp  
[2026-10-01 06:02:45] production.ERROR: Error in getFilePath: Unable to check existence for: uploads/products/182/69270161e5b52.webp  
[2026-10-01 06:02:45] production.ERROR: Error in getFilePath: Unable to check existence for: uploads/products/182/6927016244f67.webp  
[2026-10-01 06:02:45] production.ERROR: Error in getFilePath: Unable to check existence for: uploads/slider/688226090d2ee.jpg  
[2026-10-01 06:02:45] production.ERROR: Error in getFilePath: Unable to check existence for: uploads/products/183/6926f98659e9d.webp  
[2026-10-01 06:02:45] production.ERROR: Error in getFilePath: Unable to check existence for: uploads/products/183/6926f98659e9d.webp  
[2026-10-01 06:02:45] production.ERROR: Error in getFilePath: Unable to check existence for: uploads/products/183/6926f9872be9c.webp  
[2026-10-01 06:02:46] production.ERROR: Error in getFilePath: Unable to check existence for: uploads/products/183/6926f987d566f.webp  
[2026-10-01 06:02:46] production.ERROR: Error in getFilePath: Unable to check existence for: uploads/products/184/6926fa7f41768.webp  
[2026-10-01 06:02:46] production.ERROR: Error in getFilePath: Unable to check existence for: uploads/products/184/6926fa7f41768.webp  
[2026-10-01 06:02:46] production.ERROR: Error in getFilePath: Unable to check existence for: uploads/products/184/6926fa7fb05f2.webp  
[2026-10-01 06:02:46] production.ERROR: Error in getFilePath: Unable to check existence for: uploads/products/184/6926fa8016a4a.webp  
[2026-10-01 06:02:46] production.ERROR: Error in getFilePath: Unable to check existence for: uploads/products/181/6926f8db525bb.webp  
[2026-10-01 06:02:46] production.ERROR: Error in getFilePath: Unable to check existence for: uploads/products/181/6926f8db525bb.webp  
[2026-10-01 06:02:46] production.ERROR: Error in getFilePath: Unable to check existence for: uploads/products/181/6926fb80491bc.webp  
[2026-10-01 06:02:46] production.ERROR: Error in getFilePath: Unable to check existence for: uploads/products/181/6926fb8088726.webp  
[2026-10-01 06:02:46] production.ERROR: Error in getFilePath: Unable to check existence for: uploads/products/187/6926fe954c47d.webp  
[2026-10-01 06:02:47] production.ERROR: Error in getFilePath: Unable to check existence for: uploads/products/187/6926fe954c47d.webp  
[2026-10-01 06:02:47] production.ERROR: Error in getFilePath: Unable to check existence for: uploads/products/187/6926fe960b974.webp  
[2026-10-01 06:02:47] production.ERROR: Error in getFilePath: Unable to check existence for: uploads/products/187/6926fe96947b7.webp  
[2026-10-01 06:05:59] production.ERROR: Error in getFilePath: Unable to check existence for: uploads/portfolioAndInspiration/681db39470f6a.webp  
[2026-10-01 06:05:59] production.ERROR: Error in getFilePath: Unable to check existence for: uploads/portfolioAndInspiration/681db394e81d0.webp  
[2026-10-01 06:05:59] production.ERROR: Error in getFilePath: Unable to check existence for: uploads/gallery/681cac746ce62.webp  
[2026-10-01 06:05:59] production.ERROR: Error in getFilePath: Unable to check existence for: uploads/portfolioAndInspiration/681db39470f6a.webp  
[2026-10-01 06:05:59] production.ERROR: Error in getFilePath: Unable to check existence for: uploads/gallery/681cac746ce62.webp  
[2026-10-01 06:05:59] production.ERROR: Error in getFilePath: Unable to check existence for: uploads/portfolioAndInspiration/681dc9dd6668e.webp  
[2026-10-01 06:05:59] production.ERROR: Error in getFilePath: Unable to check existence for: uploads/portfolioAndInspiration/681dafa2be90b.webp  
[2026-10-01 06:05:59] production.ERROR: Error in getFilePath: Unable to check existence for: uploads/gallery/681ca9984c687.webp  
[2026-10-01 06:05:59] production.ERROR: Error in getFilePath: Unable to check existence for: uploads/portfolioAndInspiration/681dc9dd6668e.webp  
[2026-10-01 06:05:59] production.ERROR: Error in getFilePath: Unable to check existence for: uploads/portfolioAndInspiration/681dafa362ffa.webp  
[2026-10-01 06:05:59] production.ERROR: Error in getFilePath: Unable to check existence for: uploads/gallery/681ca9984c687.webp  
[2026-10-01 06:05:59] production.ERROR: Error in getFilePath: Unable to check existence for: uploads/portfolioAndInspiration/681dafa2be90b.webp  
[2026-10-01 06:05:59] production.ERROR: Error in getFilePath: Unable to check existence for: uploads/portfolioAndInspiration/681dc7952d39a.webp  
[2026-10-01 06:05:59] production.ERROR: Error in getFilePath: Unable to check existence for: uploads/gallery/681ca706bd5b4.webp  
[2026-10-01 06:05:59] production.ERROR: Error in getFilePath: Unable to check existence for: uploads/portfolioAndInspiration/681dc7952d39a.webp  
[2026-10-01 06:05:59] production.ERROR: Error in getFilePath: Unable to check existence for: uploads/portfolioAndInspiration/681dadcf80043.webp  
[2026-10-01 06:05:59] production.ERROR: Error in getFilePath: Unable to check existence for: uploads/gallery/681ca706bd5b4.webp  
[2026-10-01 06:05:59] production.ERROR: Error in getFilePath: Unable to check existence for: uploads/portfolioAndInspiration/681dadcfebfbf.webp  
[2026-10-01 06:06:00] production.ERROR: Error in getFilePath: Unable to check existence for: uploads/portfolioAndInspiration/690c72632cf2c.webp  
[2026-10-01 06:06:00] production.ERROR: Error in getFilePath: Unable to check existence for: uploads/portfolioAndInspiration/681dadcf80043.webp  
[2026-10-01 06:06:00] production.ERROR: Error in getFilePath: Unable to check existence for: uploads/gallery/678c0855a7802.webp  
[2026-10-01 06:06:00] production.ERROR: Error in getFilePath: Unable to check existence for: uploads/portfolioAndInspiration/690c72632cf2c.webp  
[2026-10-01 06:06:00] production.ERROR: Error in getFilePath: Unable to check existence for: uploads/gallery/678c0855a7802.webp  
[2026-10-01 06:06:00] production.ERROR: Error in getFilePath: Unable to check existence for: uploads/portfolioAndInspiration/681dad9707dab.webp  
[2026-10-01 06:06:00] production.ERROR: Error in getFilePath: Unable to check existence for: uploads/portfolioAndInspiration/67a50aacc29d0.webp  
[2026-10-01 06:06:00] production.ERROR: Error in getFilePath: Unable to check existence for: uploads/portfolioAndInspiration/681dad979b264.webp  
[2026-10-01 06:06:00] production.ERROR: Error in getFilePath: Unable to check existence for: uploads/gallery/6784ad3b0c622.webp  
[2026-10-01 06:06:00] production.ERROR: Error in getFilePath: Unable to check existence for: uploads/portfolioAndInspiration/67a50aacc29d0.webp  
[2026-10-01 06:06:00] production.ERROR: Error in getFilePath: Unable to check existence for: uploads/portfolioAndInspiration/681dad9707dab.webp  
[2026-10-01 06:06:00] production.ERROR: Error in getFilePath: Unable to check existence for: uploads/gallery/6784ad3b0c622.webp  
[2026-10-01 06:06:00] production.ERROR: Error in getFilePath: Unable to check existence for: uploads/portfolioAndInspiration/681dad3f14b5a.webp  
[2026-10-01 06:06:00] production.ERROR: Error in getFilePath: Unable to check existence for: uploads/gallery/681cabc0b98fc.webp  
[2026-10-01 06:06:00] production.ERROR: Error in getFilePath: Unable to check existence for: uploads/portfolioAndInspiration/681dad3f8ec93.webp  
[2026-10-01 06:06:00] production.ERROR: Error in getFilePath: Unable to check existence for: uploads/gallery/681cac5b15125.webp  
[2026-10-01 06:06:00] production.ERROR: Error in getFilePath: Unable to check existence for: uploads/portfolioAndInspiration/681dad3f14b5a.webp  
[2026-10-01 06:06:00] production.ERROR: Error in getFilePath: Unable to check existence for: uploads/gallery/681cabc3b1c48.webp  
[2026-10-01 06:06:01] production.ERROR: Error in getFilePath: Unable to check existence for: uploads/gallery/681cac5ccf820.webp  
[2026-10-01 06:06:01] production.ERROR: Error in getFilePath: Unable to check existence for: uploads/gallery/681caa6e934ce.webp  
[2026-10-01 06:06:01] production.ERROR: Error in getFilePath: Unable to check existence for: uploads/gallery/681caa6f47f14.webp  
[2026-10-01 06:06:01] production.ERROR: Error in getFilePath: Unable to check existence for: uploads/gallery/681caa702045c.webp  
[2026-10-01 06:06:01] production.ERROR: Error in getFilePath: Unable to check existence for: uploads/gallery/681caa71a5797.webp  
[2026-10-01 06:06:01] production.ERROR: Error in getFilePath: Unable to check existence for: uploads/gallery/681ca7cf6c5d6.webp  
[2026-10-01 06:06:01] production.ERROR: Error in getFilePath: Unable to check existence for: uploads/gallery/681ca7cfd14ed.webp  
[2026-10-01 06:06:01] production.ERROR: Error in getFilePath: Unable to check existence for: uploads/gallery/681ca7d0062da.webp  
[2026-10-01 06:06:01] production.ERROR: Error in getFilePath: Unable to check existence for: uploads/gallery/681ca7d068013.webp  
[2026-10-01 06:06:02] production.ERROR: Error in getFilePath: Unable to check existence for: uploads/gallery/681ca7d0d5f01.webp  
[2026-10-01 06:06:02] production.ERROR: Error in getFilePath: Unable to check existence for: uploads/gallery/678c0792b127f.webp  
[2026-10-01 06:06:02] production.ERROR: Error in getFilePath: Unable to check existence for: uploads/gallery/678c0792ec14e.webp  
[2026-10-01 06:06:02] production.ERROR: Error in getFilePath: Unable to check existence for: uploads/gallery/678c07931cef5.webp  
[2026-10-01 06:06:02] production.ERROR: Error in getFilePath: Unable to check existence for: uploads/gallery/678c07933fcf0.webp  
[2026-10-01 06:06:02] production.ERROR: Error in getFilePath: Unable to check existence for: uploads/gallery/678c07936a0b6.webp  
[2026-10-01 06:06:02] production.ERROR: Error in getFilePath: Unable to check existence for: uploads/gallery/678c09ea48cd3.webp  
[2026-10-01 06:06:02] production.ERROR: Error in getFilePath: Unable to check existence for: uploads/gallery/6784ad0853b33.webp  
[2026-10-01 06:06:02] production.ERROR: Error in getFilePath: Unable to check existence for: uploads/gallery/6784ad08b1286.webp  
[2026-10-01 06:06:03] production.ERROR: Error in getFilePath: Unable to check existence for: uploads/gallery/6784ad090fbd3.webp  
[2026-10-01 06:06:03] production.ERROR: Error in getFilePath: Unable to check existence for: uploads/gallery/6784ad095cb34.webp  
[2026-10-01 06:06:03] production.ERROR: Error in getFilePath: Unable to check existence for: uploads/gallery/6784ad6cbcc3f.webp  
[2026-10-01 06:06:03] production.ERROR: Error in getFilePath: Unable to check existence for: uploads/gallery/6784ad6d08579.webp  
[2026-10-01 06:06:09] production.ERROR: Error in getFilePath: Unable to check existence for: uploads/portfolioAndInspiration/681dc9dd6668e.webp  
[2026-10-01 06:06:09] production.ERROR: Error in getFilePath: Unable to check existence for: uploads/portfolioAndInspiration/681dc7952d39a.webp  
[2026-10-01 06:06:09] production.ERROR: Error in getFilePath: Unable to check existence for: uploads/portfolioAndInspiration/67a50aacc29d0.webp  
[2026-10-01 06:06:09] production.ERROR: Error in getFilePath: Unable to check existence for: uploads/portfolioAndInspiration/681dc9dd6668e.webp  
[2026-10-01 06:06:09] production.ERROR: Error in getFilePath: Unable to check existence for: uploads/specialSection/67a50c09a9ebf.webp  
[2026-10-01 06:06:09] production.ERROR: Error in getFilePath: Unable to check existence for: uploads/specialSection/681dc852e0efc.webp  
[2026-10-01 06:06:09] production.ERROR: Error in getFilePath: Unable to check existence for: uploads/specialSection/681dc852e0efc.webp  
[2026-10-01 06:06:10] production.ERROR: Error in getFilePath: Unable to check existence for: uploads/specialSection/67a50c09a9ebf.webp  
[2026-10-01 06:06:10] production.ERROR: Error in getFilePath: Unable to check existence for: uploads/portfolioAndInspiration/681dc7952d39a.webp  
[2026-10-01 06:06:10] production.ERROR: Error in getFilePath: Unable to check existence for: uploads/portfolioAndInspiration/681dc7952d39a.webp  
[2026-10-01 06:06:10] production.ERROR: Error in getFilePath: Unable to check existence for: uploads/specialSection/681dc853465fb.webp  
[2026-10-01 06:06:10] production.ERROR: Error in getFilePath: Unable to check existence for: uploads/specialSection/67a50c0a83219.webp  
[2026-10-01 06:06:10] production.ERROR: Error in getFilePath: Unable to check existence for: uploads/specialSection/681dc853465fb.webp  
[2026-10-01 06:06:10] production.ERROR: Error in getFilePath: Unable to check existence for: uploads/specialSection/67a50c0a83219.webp  
[2026-10-01 06:06:10] production.ERROR: Error in getFilePath: Unable to check existence for: uploads/portfolioAndInspiration/690c72632cf2c.webp  
[2026-10-01 06:06:10] production.ERROR: Error in getFilePath: Unable to check existence for: uploads/portfolioAndInspiration/690c72632cf2c.webp  
[2026-10-01 06:06:10] production.ERROR: Error in getFilePath: Unable to check existence for: uploads/specialSection/681dc853a1563.webp  
[2026-10-01 06:06:10] production.ERROR: Error in getFilePath: Unable to check existence for: uploads/specialSection/690c7389a7802.webp  
[2026-10-01 06:06:10] production.ERROR: Error in getFilePath: Unable to check existence for: uploads/specialSection/681dc853a1563.webp  
[2026-10-01 06:06:10] production.ERROR: Error in getFilePath: Unable to check existence for: uploads/specialSection/690c7389a7802.webp  
[2026-10-01 06:06:10] production.ERROR: Error in getFilePath: Unable to check existence for: uploads/portfolioAndInspiration/67a50aacc29d0.webp  
[2026-10-01 06:06:10] production.ERROR: Error in getFilePath: Unable to check existence for: uploads/portfolioAndInspiration/681dc9dd6668e.webp  
[2026-10-01 06:06:10] production.ERROR: Error in getFilePath: Unable to check existence for: uploads/portfolioAndInspiration/67a50aacc29d0.webp  
[2026-10-01 06:06:10] production.ERROR: Error in getFilePath: Unable to check existence for: uploads/specialSection/690c70311bc91.webp  
[2026-10-01 06:06:10] production.ERROR: Error in getFilePath: Unable to check existence for: uploads/specialSection/681dca54c9587.webp  
[2026-10-01 06:06:10] production.ERROR: Error in getFilePath: Unable to check existence for: uploads/specialSection/690c70311bc91.webp  
[2026-10-01 06:06:10] production.ERROR: Error in getFilePath: Unable to check existence for: uploads/specialSection/681dca54c9587.webp  
[2026-10-01 06:06:11] production.ERROR: Error in getFilePath: Unable to check existence for: uploads/specialSection/681dc8540706c.webp  
[2026-10-01 06:06:11] production.ERROR: Error in getFilePath: Unable to check existence for: uploads/specialSection/681dca5556d0b.webp  
[2026-10-01 06:06:11] production.ERROR: Error in getFilePath: Unable to check existence for: uploads/specialSection/681dc8540706c.webp  
[2026-10-01 06:06:11] production.ERROR: Error in getFilePath: Unable to check existence for: uploads/specialSection/681dca5556d0b.webp  
[2026-10-01 06:06:11] production.ERROR: Error in getFilePath: Unable to check existence for: uploads/specialSection/681dc85453027.webp  
[2026-10-01 06:06:11] production.ERROR: Error in getFilePath: Unable to check existence for: uploads/specialSection/681dca559c91e.webp  
[2026-10-01 06:06:11] production.ERROR: Error in getFilePath: Unable to check existence for: uploads/specialSection/681dc85453027.webp  
[2026-10-01 06:06:11] production.ERROR: Error in getFilePath: Unable to check existence for: uploads/specialSection/681dca559c91e.webp  
[2026-10-01 06:06:11] production.ERROR: Error in getFilePath: Unable to check existence for: uploads/specialSection/681dca561466e.webp  
[2026-10-01 06:06:11] production.ERROR: Error in getFilePath: Unable to check existence for: uploads/specialSection/681dc8549e9f3.webp  
[2026-10-01 06:06:11] production.ERROR: Error in getFilePath: Unable to check existence for: uploads/specialSection/681dca561466e.webp  
[2026-10-01 06:06:11] production.ERROR: Error in getFilePath: Unable to check existence for: uploads/specialSection/681dc8549e9f3.webp  
[2026-10-01 06:06:12] production.ERROR: Error in getFilePath: Unable to check existence for: uploads/specialSection/690c703199466.webp  
[2026-10-01 06:06:12] production.ERROR: Error in getFilePath: Unable to check existence for: uploads/specialSection/681dca5677581.webp  
[2026-10-01 06:06:12] production.ERROR: Error in getFilePath: Unable to check existence for: uploads/specialSection/681dca5677581.webp  
[2026-10-01 06:06:12] production.ERROR: Error in getFilePath: Unable to check existence for: uploads/specialSection/690c703199466.webp  
[2026-10-01 06:06:12] production.ERROR: Error in getFilePath: Unable to check existence for: uploads/specialSection/681dc8551be04.webp  
[2026-10-01 06:06:12] production.ERROR: Error in getFilePath: Unable to check existence for: uploads/specialSection/6964e38f00043.webp  
[2026-10-01 06:06:12] production.ERROR: Error in getFilePath: Unable to check existence for: uploads/specialSection/681dc8551be04.webp  
[2026-10-01 06:06:12] production.ERROR: Error in getFilePath: Unable to check existence for: uploads/specialSection/6964e38f00043.webp  
[2026-10-01 06:07:07] production.ERROR: Error in getFilePath: Unable to check existence for: uploads/gallery/681cabc0b98fc.webp  
[2026-10-01 06:07:07] production.ERROR: Error in getFilePath: Unable to check existence for: uploads/gallery/681cac5b15125.webp  
[2026-10-01 06:07:07] production.ERROR: Error in getFilePath: Unable to check existence for: uploads/gallery/681cabc3b1c48.webp  
[2026-10-01 06:07:07] production.ERROR: Error in getFilePath: Unable to check existence for: uploads/gallery/681cac5ccf820.webp  
[2026-10-01 06:07:08] production.ERROR: Error in getFilePath: Unable to check existence for: uploads/gallery/681caa6e934ce.webp  
[2026-10-01 06:07:08] production.ERROR: Error in getFilePath: Unable to check existence for: uploads/gallery/681caa6f47f14.webp  
[2026-10-01 06:07:08] production.ERROR: Error in getFilePath: Unable to check existence for: uploads/gallery/681caa702045c.webp  
[2026-10-01 06:07:08] production.ERROR: Error in getFilePath: Unable to check existence for: uploads/gallery/681caa71a5797.webp  
[2026-10-01 06:07:08] production.ERROR: Error in getFilePath: Unable to check existence for: uploads/gallery/681ca7cf6c5d6.webp  
[2026-10-01 06:07:08] production.ERROR: Error in getFilePath: Unable to check existence for: uploads/gallery/681ca7cfd14ed.webp  
[2026-10-01 06:07:08] production.ERROR: Error in getFilePath: Unable to check existence for: uploads/gallery/681ca7d0062da.webp  
[2026-10-01 06:07:08] production.ERROR: Error in getFilePath: Unable to check existence for: uploads/gallery/681ca7d068013.webp  
[2026-10-01 06:07:08] production.ERROR: Error in getFilePath: Unable to check existence for: uploads/gallery/681ca7d0d5f01.webp  
[2026-10-01 06:07:09] production.ERROR: Error in getFilePath: Unable to check existence for: uploads/gallery/678c0792b127f.webp  
[2026-10-01 06:07:09] production.ERROR: Error in getFilePath: Unable to check existence for: uploads/gallery/678c0792ec14e.webp  
[2026-10-01 06:07:09] production.ERROR: Error in getFilePath: Unable to check existence for: uploads/gallery/678c07931cef5.webp  
[2026-10-01 06:07:09] production.ERROR: Error in getFilePath: Unable to check existence for: uploads/gallery/678c07933fcf0.webp  
[2026-10-01 06:07:09] production.ERROR: Error in getFilePath: Unable to check existence for: uploads/gallery/678c07936a0b6.webp  
[2026-10-01 06:07:09] production.ERROR: Error in getFilePath: Unable to check existence for: uploads/gallery/678c09ea48cd3.webp  
[2026-10-01 06:07:09] production.ERROR: Error in getFilePath: Unable to check existence for: uploads/gallery/6784ad0853b33.webp  
[2026-10-01 06:07:09] production.ERROR: Error in getFilePath: Unable to check existence for: uploads/gallery/6784ad08b1286.webp  
[2026-10-01 06:07:09] production.ERROR: Error in getFilePath: Unable to check existence for: uploads/gallery/6784ad090fbd3.webp  
[2026-10-01 06:07:10] production.ERROR: Error in getFilePath: Unable to check existence for: uploads/gallery/6784ad095cb34.webp  
[2026-10-01 06:07:10] production.ERROR: Error in getFilePath: Unable to check existence for: uploads/gallery/6784ad6cbcc3f.webp  
[2026-10-01 06:07:10] production.ERROR: Error in getFilePath: Unable to check existence for: uploads/gallery/6784ad6d08579.webp  
[2026-10-01 06:09:17] production.ERROR: Error in getFilePath: Unable to check existence for: uploads/gallery/681cabc0b98fc.webp  
[2026-10-01 06:09:17] production.ERROR: Error in getFilePath: Unable to check existence for: uploads/gallery/681cac5b15125.webp  
[2026-10-01 06:09:17] production.ERROR: Error in getFilePath: Unable to check existence for: uploads/gallery/681cabc3b1c48.webp  
[2026-10-01 06:09:17] production.ERROR: Error in getFilePath: Unable to check existence for: uploads/gallery/681cac5ccf820.webp  
[2026-10-01 06:09:17] production.ERROR: Error in getFilePath: Unable to check existence for: uploads/gallery/681caa6e934ce.webp  
[2026-10-01 06:09:18] production.ERROR: Error in getFilePath: Unable to check existence for: uploads/gallery/681caa6f47f14.webp  
[2026-10-01 06:09:18] production.ERROR: Error in getFilePath: Unable to check existence for: uploads/gallery/681caa702045c.webp  
[2026-10-01 06:09:18] production.ERROR: Error in getFilePath: Unable to check existence for: uploads/gallery/681caa71a5797.webp  
[2026-10-01 06:09:18] production.ERROR: Error in getFilePath: Unable to check existence for: uploads/gallery/681ca7cf6c5d6.webp  
[2026-10-01 06:09:18] production.ERROR: Error in getFilePath: Unable to check existence for: uploads/gallery/681ca7cfd14ed.webp  
[2026-10-01 06:09:18] production.ERROR: Error in getFilePath: Unable to check existence for: uploads/gallery/681ca7d0062da.webp  
[2026-10-01 06:09:18] production.ERROR: Error in getFilePath: Unable to check existence for: uploads/gallery/681ca7d068013.webp  
[2026-10-01 06:09:18] production.ERROR: Error in getFilePath: Unable to check existence for: uploads/gallery/681ca7d0d5f01.webp  
[2026-10-01 06:09:18] production.ERROR: Error in getFilePath: Unable to check existence for: uploads/gallery/678c0792b127f.webp  
[2026-10-01 06:09:18] production.ERROR: Error in getFilePath: Unable to check existence for: uploads/gallery/678c0792ec14e.webp  
[2026-10-01 06:09:19] production.ERROR: Error in getFilePath: Unable to check existence for: uploads/gallery/678c07931cef5.webp  
[2026-10-01 06:09:19] production.ERROR: Error in getFilePath: Unable to check existence for: uploads/gallery/678c07933fcf0.webp  
[2026-10-01 06:09:19] production.ERROR: Error in getFilePath: Unable to check existence for: uploads/gallery/678c07936a0b6.webp  
[2026-10-01 06:09:19] production.ERROR: Error in getFilePath: Unable to check existence for: uploads/gallery/678c09ea48cd3.webp  
[2026-10-01 06:09:19] production.ERROR: Error in getFilePath: Unable to check existence for: uploads/gallery/6784ad0853b33.webp  
[2026-10-01 06:09:19] production.ERROR: Error in getFilePath: Unable to check existence for: uploads/gallery/6784ad08b1286.webp  
[2026-10-01 06:09:19] production.ERROR: Error in getFilePath: Unable to check existence for: uploads/gallery/6784ad090fbd3.webp  
[2026-10-01 06:09:19] production.ERROR: Error in getFilePath: Unable to check existence for: uploads/gallery/6784ad095cb34.webp  
[2026-10-01 06:09:19] production.ERROR: Error in getFilePath: Unable to check existence for: uploads/gallery/6784ad6cbcc3f.webp  
[2026-10-01 06:09:19] production.ERROR: Error in getFilePath: Unable to check existence for: uploads/gallery/6784ad6d08579.webp  
